Date,Close/Last,,Open,High,Low
8/31/2024,0.5608,,0.5648,0.5667,0.5592
8/30/2024,0.565,,0.5618,0.5681,0.5649
8/29/2024,0.562,,0.571,0.565,0.5604
8/28/2024,0.5714,,0.5902,0.5749,0.5604
8/27/2024,0.5674,,0.5925,0.5693,0.5604
8/26/2024,0.5927,,0.5969,0.5942,0.5869
8/25/2024,0.596,,0.6078,0.6021,0.5923
8/24/2024,0.6216,,0.6076,0.6301,0.6047
8/23/2024,0.6085,,0.5983,0.6109,0.6047
8/22/2024,0.5982,,0.5982,0.6018,0.5966
8/21/2024,0.5975,,0.5958,0.6013,0.5926
8/20/2024,0.5966,,0.6076,0.6002,0.5927
8/19/2024,0.6055,,0.5675,0.6093,0.5971
8/18/2024,0.566,,0.569,0.5678,0.5615
8/17/2024,0.5667,,0.5636,0.5693,0.5652
8/16/2024,0.5624,,0.5664,0.5652,0.5613
8/15/2024,0.5634,,0.5724,0.5685,0.5581
8/14/2024,0.5721,,0.5796,0.5739,0.5674
8/13/2024,0.5783,,0.5652,0.581,0.5713
8/12/2024,0.5639,,0.5643,0.5721,0.5638
8/11/2024,0.5658,,0.5905,0.5659,0.5509
8/10/2024,0.5898,,0.5838,0.593,0.5835
8/9/2024,0.5897,,0.6169,0.5935,0.5781
8/8/2024,0.6142,,0.6128,0.6244,0.6094
8/7/2024,0.6148,,0.5153,0.6233,0.5794
8/6/2024,0.515,,0.5115,0.5168,0.5011
8/5/2024,0.5117,,0.4769,0.5156,0.4885
8/4/2024,0.4758,,0.5571,0.5255,0.4624
8/3/2024,0.5515,,0.571,0.5774,0.5412
8/2/2024,0.5638,,0.5878,0.5642,0.5434
8/1/2024,0.587,,0.6114,0.5969,0.5803
7/31/2024,0.6115,,0.6496,0.63,0.6094
7/30/2024,0.6488,,0.6004,0.6581,0.6258
7/29/2024,0.601,,0.6066,0.6044,0.5956
7/28/2024,0.6066,,0.5996,0.6089,0.6004
7/27/2024,0.6017,,0.5966,0.6025,0.5964
7/26/2024,0.5966,,0.605,0.6033,0.595
7/25/2024,0.6055,,0.6065,0.6077,0.5979
7/24/2024,0.604,,0.6042,0.6219,0.5962
7/23/2024,0.604,,0.6143,0.6045,0.5919
7/22/2024,0.5916,,0.5964,0.6001,0.5897
7/21/2024,0.5951,,0.5935,0.6001,0.5912
7/20/2024,0.5928,,0.5816,0.597,0.5894
7/19/2024,0.5807,,0.556,0.5825,0.571
7/18/2024,0.5552,,0.6072,0.5697,0.5409
7/17/2024,0.6053,,0.5857,0.636,0.6021
7/16/2024,0.5851,,0.5658,0.5874,0.5784
7/15/2024,0.5669,,0.5265,0.5688,0.5361
7/14/2024,0.5269,,0.5197,0.5311,0.5213
7/13/2024,0.5195,,0.4927,0.5314,0.5143
7/12/2024,0.4925,,0.4519,0.4947,0.4738
7/11/2024,0.452,,0.4403,0.4526,0.4446
7/10/2024,0.4386,,0.4358,0.4433,0.4368
7/9/2024,0.436,,0.4331,0.436,0.4319
7/8/2024,0.4337,,0.4152,0.434,0.4275
7/7/2024,0.4146,,0.4446,0.4205,0.4036
7/6/2024,0.4437,,0.4259,0.4489,0.4437
7/5/2024,0.4274,,0.398,0.4317,0.4237
7/4/2024,0.4006,,0.4597,0.4329,0.3865
7/3/2024,0.4596,,0.4804,0.4696,0.4507
7/2/2024,0.4805,,0.4786,0.4869,0.4787
7/1/2024,0.4787,,0.4785,0.4791,0.476
6/30/2024,0.4782,,0.4715,0.4796,0.4755
6/29/2024,0.4715,,0.4746,0.4737,0.4704
6/28/2024,0.4746,,0.4744,0.4749,0.4715
6/27/2024,0.4761,,0.4693,0.4776,0.4741
6/26/2024,0.4693,,0.4758,0.4702,0.4681
6/25/2024,0.4752,,0.4755,0.4781,0.4742
6/24/2024,0.478,,0.4755,0.4793,0.4732
6/23/2024,0.4771,,0.488,0.4802,0.4739
6/22/2024,0.4888,,0.488,0.4889,0.4862
6/21/2024,0.4873,,0.4888,0.4896,0.4872
6/20/2024,0.4888,,0.4934,0.4909,0.4868
6/19/2024,0.4928,,0.4975,0.4974,0.4869
6/18/2024,0.4962,,0.4899,0.4974,0.4894
6/17/2024,0.4899,,0.4889,0.508,0.477
6/16/2024,0.4876,,0.4911,0.4907,0.485
6/15/2024,0.4914,,0.4694,0.505,0.474
6/14/2024,0.4765,,0.4783,0.4765,0.474
6/13/2024,0.4785,,0.4859,0.48,0.4753
6/12/2024,0.4859,,0.4816,0.4917,0.4834
6/11/2024,0.4812,,0.4885,0.4813,0.4745
6/10/2024,0.4892,,0.5009,0.497,0.4846
6/9/2024,0.5008,,0.4932,0.5011,0.4969
6/8/2024,0.493,,0.5001,0.4944,0.4914
6/7/2024,0.5,,0.5227,0.5005,0.497
6/6/2024,0.5225,,0.5256,0.5226,0.5198
6/5/2024,0.5257,,0.5257,0.5272,0.5242
6/4/2024,0.5254,,0.5214,0.5277,0.5247
6/3/2024,0.5211,,0.5166,0.5222,0.5189
6/2/2024,0.5166,,0.519,0.5191,0.512
6/1/2024,0.5187,,0.5192,0.5197,0.518
5/31/2024,0.5193,,0.5216,0.5199,0.5175
5/30/2024,0.5217,,0.5275,0.522,0.518
5/29/2024,0.5276,,0.5287,0.5276,0.5232
5/28/2024,0.5235,,0.5279,0.5353,0.5218
5/27/2024,0.5272,,0.5316,0.5353,0.5259
5/26/2024,0.5318,,0.54,0.5336,0.5276
5/25/2024,0.54,,0.5347,0.5418,0.5387
5/24/2024,0.5347,,0.5305,0.536,0.5334
5/23/2024,0.5308,,0.5293,0.5348,0.526
5/22/2024,0.5287,,0.5365,0.5291,0.5255
5/21/2024,0.5363,,0.5354,0.5372,0.5329
5/20/2024,0.5351,,0.5133,0.5429,0.5337
5/19/2024,0.5133,,0.5223,0.5138,0.5067
5/18/2024,0.5225,,0.5242,0.5234,0.5203
5/17/2024,0.5241,,0.5165,0.5242,0.5217
5/16/2024,0.5166,,0.5171,0.5176,0.5137
5/15/2024,0.5181,,0.5016,0.519,0.5156
5/14/2024,0.5013,,0.5069,0.5021,0.4975
5/13/2024,0.5058,,0.4921,0.5083,0.5035
5/12/2024,0.492,,0.5072,0.5028,0.4869
5/11/2024,0.5074,,0.5041,0.5075,0.5051
5/10/2024,0.5029,,0.5181,0.5056,0.5018
5/9/2024,0.5173,,0.5216,0.5209,0.5164
5/8/2024,0.5219,,0.525,0.5222,0.517
5/7/2024,0.5254,,0.5387,0.5261,0.5194
5/6/2024,0.5387,,0.5302,0.5441,0.5346
5/5/2024,0.5313,,0.5278,0.5332,0.5287
5/4/2024,0.5275,,0.5294,0.5307,0.5241
5/3/2024,0.5296,,0.5221,0.5329,0.5275
5/2/2024,0.5126,,0.4878,0.5198,0.5068
5/1/2024,0.5109,,0.5034,0.5198,0.5076
4/30/2024,0.5036,,0.5148,0.5039,0.4968
4/29/2024,0.5158,,0.5037,0.5197,0.5085
4/28/2024,0.5068,,0.5226,0.5142,0.5052
4/27/2024,0.5225,,0.5188,0.5244,0.5176
4/26/2024,0.5196,,0.5277,0.5264,0.5103
4/25/2024,0.528,,0.5257,0.5295,0.5173
4/24/2024,0.5269,,0.5466,0.5306,0.5205
4/23/2024,0.5468,,0.5492,0.5477,0.541
4/22/2024,0.5494,,0.5333,0.5574,0.5471
4/21/2024,0.5349,,0.5269,0.5354,0.5225
4/20/2024,0.529,,0.5078,0.5299,0.4987
4/19/2024,0.5129,,0.4848,0.5143,0.4987
4/18/2024,0.4846,,0.4974,0.5025,0.4677
4/17/2024,0.4974,,0.4965,0.4992,0.4878
4/16/2024,0.4966,,0.4976,0.5017,0.4771
4/15/2024,0.4881,,0.498,0.4979,0.4863
4/14/2024,0.4985,,0.4696,0.5045,0.4941
4/13/2024,0.4673,,0.543,0.483,0.4643
4/12/2024,0.5426,,0.6119,0.5473,0.529
4/11/2024,0.6111,,0.6199,0.6111,0.6066
4/10/2024,0.6103,,0.61562,0.61611,0.59581
4/9/2024,0.613,,0.61467,0.64178,0.60158
4/8/2024,0.61273,,0.59264,0.61684,0.61192
4/7/2024,0.59157,,0.59497,0.59463,0.58867
4/6/2024,0.5943,,0.58907,0.59785,0.59243
4/5/2024,0.58919,,0.58766,0.59073,0.58529
4/4/2024,0.58311,,0.57022,0.59508,0.57996
4/3/2024,0.56901,,0.58499,0.57832,0.56568
4/2/2024,0.58458,,0.59506,0.58792,0.56818
4/1/2024,0.61174,,0.62911,0.63285,0.59538
3/31/2024,0.62744,,0.62223,0.63285,0.62706
3/30/2024,0.62308,,0.62539,0.62577,0.62052
3/29/2024,0.6244,,0.62109,0.63167,0.62398
3/28/2024,0.62114,,0.60948,0.62516,0.61963
3/27/2024,0.60873,,0.63171,0.61576,0.60466
3/26/2024,0.63171,,0.6437,0.63464,0.62881
3/25/2024,0.64424,,0.63114,0.64649,0.63982
3/24/2024,0.63098,,0.61548,0.63387,0.62853
3/23/2024,0.61663,,0.6086,0.62171,0.6144
3/22/2024,0.6082,,0.63083,0.61682,0.60438
3/21/2024,0.636,,0.60951,0.6449,0.62353
3/20/2024,0.60677,,0.59128,0.6136,0.60503
3/19/2024,0.58803,,0.61452,0.59464,0.57988
3/15/2024,0.63673,,0.67849,0.67515,0.62204
3/14/2024,0.63727,,0.68486,0.67515,0.62204
3/13/2024,0.68429,,0.69874,0.68944,0.681
3/12/2024,0.69901,,0.68845,0.69928,0.68249
3/11/2024,0.69369,,0.60834,0.73134,0.69161
3/10/2024,0.60802,,0.62223,0.60928,0.58569
3/9/2024,0.62423,,0.62664,0.62461,0.61943
3/8/2024,0.62683,,0.62463,0.62902,0.61829
3/7/2024,0.62479,,0.61871,0.63368,0.62337
8/10/2023,0.63566,,0.64328,0.63567,0.6327
8/9/2023,0.63734,,0.63785,0.64442,0.63706
8/8/2023,0.63938,,0.62037,0.64668,0.63599
8/7/2023,0.62164,,0.62839,0.62488,0.6177
8/6/2023,0.62568,,0.6336,0.62976,0.62162
8/5/2023,0.63494,,0.62355,0.63579,0.6271
8/4/2023,0.62261,,0.66477,0.63571,0.61207
8/3/2023,0.66395,,0.68261,0.66736,0.66146
8/2/2023,0.68178,,0.70041,0.6874,0.681
8/1/2023,0.7008,,0.68797,0.70763,0.69947
7/31/2023,0.68803,,0.70587,0.69765,0.67982
7/30/2023,0.70604,,0.71015,0.71143,0.70264
7/29/2023,0.71183,,0.71412,0.71295,0.71007
7/28/2023,0.71128,,0.71439,0.71295,0.71007
7/27/2023,0.71373,,0.71781,0.71841,0.71165
7/26/2023,0.71861,,0.7113,0.72158,0.70819
7/25/2023,0.71145,,0.69638,0.71395,0.70158
7/24/2023,0.69571,,0.72828,0.70271,0.69032
7/23/2023,0.72807,,0.73495,0.74234,0.7258
7/22/2023,0.73687,,0.77454,0.7374,0.7161
7/21/2023,0.77654,,0.7935,0.77785,0.76595
7/20/2023,0.79318,,0.83206,0.7985,0.78523
7/19/2023,0.8322,,0.79767,0.84823,0.81656
7/18/2023,0.80231,,0.7382,0.81745,0.77167
7/17/2023,0.73762,,0.75721,0.74817,0.7346
7/16/2023,0.75581,,0.71156,0.75911,0.74229
7/15/2023,0.71343,,0.72023,0.72638,0.70526
7/14/2023,0.72261,,0.7832,0.72975,0.69376
7/13/2023,0.77365,,0.47207,0.82394,0.72899
7/12/2023,0.47189,,0.4753,0.47272,0.4696
7/11/2023,0.47518,,0.47626,0.47599,0.47322
7/10/2023,0.47599,,0.46582,0.47815,0.4744
7/9/2023,0.46559,,0.47049,0.46909,0.46378
7/8/2023,0.47079,,0.46692,0.47169,0.46957
7/7/2023,0.46691,,0.46879,0.4686,0.4663
7/6/2023,0.46919,,0.47818,0.46947,0.45856
7/5/2023,0.47863,,0.49165,0.47897,0.47376
7/4/2023,0.49169,,0.49273,0.49186,0.48704
7/3/2023,0.49188,,0.48243,0.49259,0.48625
7/2/2023,0.48159,,0.49273,0.48642,0.47974
7/1/2023,0.49249,,0.46911,0.49556,0.47003
6/30/2023,0.46871,,0.47932,0.47304,0.46484
6/29/2023,0.47813,,0.46732,0.4798,0.46843
6/28/2023,0.4688,,0.48232,0.46927,0.46149
6/27/2023,0.48251,,0.48248,0.48428,0.47902
6/26/2023,0.48199,,0.48444,0.48307,0.4765
6/25/2023,0.48407,,0.48642,0.49161,0.48269
6/24/2023,0.48974,,0.49317,0.48974,0.48312
6/23/2023,0.49289,,0.4974,0.496,0.48937
6/22/2023,0.4999,,0.51921,0.50013,0.49266
6/21/2023,0.51765,,0.49693,0.527,0.49832
6/20/2023,0.49716,,0.49251,0.49937,0.4893
6/19/2023,0.49078,,0.49145,0.49634,0.4896
6/18/2023,0.48976,,0.48109,0.49229,0.48263
6/17/2023,0.48111,,0.4718,0.48308,0.4754
6/16/2023,0.47181,,0.48009,0.47608,0.46953
6/15/2023,0.4817,,0.48217,0.48194,0.47524
6/14/2023,0.48225,,0.5139,0.4842,0.47661
6/13/2023,0.51359,,0.5259,0.52028,0.51063
6/12/2023,0.52727,,0.51405,0.52795,0.51986
6/11/2023,0.51235,,0.50593,0.52295,0.50913
6/10/2023,0.50598,,0.52251,0.50911,0.50378
6/9/2023,0.5238,,0.52432,0.53845,0.52109
6/8/2023,0.52551,,0.5177,0.5263,0.52249
6/7/2023,0.5186,,0.52742,0.52189,0.51572
6/6/2023,0.5278,,0.50652,0.53168,0.52402
6/5/2023,0.50491,,0.53056,0.51161,0.5026
6/4/2023,0.5292,,0.52164,0.54246,0.52862
6/3/2023,0.52153,,0.5235,0.52311,0.51531
6/2/2023,0.52332,,0.51598,0.52468,0.51976
6/1/2023,0.51619,,0.5082,0.51679,0.50413
5/31/2023,0.50778,,0.52725,0.51678,0.5032
5/30/2023,0.52607,,0.4972,0.52741,0.51659
5/29/2023,0.49751,,0.48092,0.4978,0.48963
5/28/2023,0.48208,,0.47327,0.48554,0.48028
5/27/2023,0.47333,,0.47327,0.47372,0.47001
5/26/2023,0.46924,,0.46416,0.4698,0.4658
5/25/2023,0.4639,,0.4532,0.46708,0.4525
5/24/2023,0.45251,,0.4578,0.45379,0.4438
5/23/2023,0.45644,,0.4652,0.4651,0.45521
5/22/2023,0.46575,,0.45553,0.46671,0.4602
5/21/2023,0.45631,,0.46768,0.45989,0.45092
5/20/2023,0.46791,,0.46429,0.47025,0.4677
5/19/2023,0.46463,,0.46639,0.46844,0.4636
5/18/2023,0.46588,,0.44666,0.46785,0.4574
5/17/2023,0.44768,,0.45472,0.44854,0.44308
5/16/2023,0.4586,,0.42431,0.46112,0.44037
5/15/2023,0.42429,,0.42782,0.42811,0.42097
5/14/2023,0.42802,,0.4246,0.42899,0.42161
5/13/2023,0.42619,,0.42622,0.42693,0.42183
5/12/2023,0.42701,,0.41778,0.43048,0.42582
5/11/2023,0.41793,,0.42842,0.42235,0.41665
5/10/2023,0.42883,,0.42864,0.43042,0.42599
5/9/2023,0.43003,,0.4236,0.43368,0.42753
5/8/2023,0.42317,,0.43812,0.42871,0.42277
5/7/2023,0.43803,,0.45549,0.451,0.42637
5/6/2023,0.4557,,0.46302,0.4599,0.45481
5/5/2023,0.46271,,0.46349,0.46907,0.4625
5/4/2023,0.46357,,0.46412,0.46482,0.46059
5/3/2023,0.46282,,0.46208,0.46371,0.46014
5/2/2023,0.46221,,0.46389,0.46492,0.46031
5/1/2023,0.46286,,0.46488,0.46502,0.45881
4/30/2023,0.46479,,0.47431,0.4723,0.46043
4/29/2023,0.47488,,0.4806,0.478,0.47369
4/28/2023,0.4805,,0.46784,0.48595,0.47759
4/27/2023,0.46752,,0.46237,0.46803,0.46381
4/26/2023,0.46424,,0.46679,0.46962,0.45983
4/25/2023,0.46738,,0.45942,0.47109,0.4658
4/24/2023,0.45768,,0.4674,0.46255,0.4568
4/23/2023,0.47068,,0.46537,0.48419,0.46281
4/22/2023,0.46644,,0.44864,0.47191,0.46281
4/21/2023,0.45178,,0.47153,0.45197,0.44567
4/20/2023,0.47586,,0.49001,0.47702,0.46981
4/19/2023,0.4942,,0.52585,0.4957,0.48689
4/18/2023,0.52623,,0.51257,0.53706,0.524
4/17/2023,0.51261,,0.51309,0.51314,0.50946
4/16/2023,0.51357,,0.51606,0.52091,0.50958
4/15/2023,0.5173,,0.51921,0.5241,0.51634
4/14/2023,0.51902,,0.52098,0.5236,0.51715
4/13/2023,0.5214,,0.50506,0.52357,0.51119
4/12/2023,0.50517,,0.50792,0.50661,0.50141
4/11/2023,0.50742,,0.5157,0.51782,0.50341
4/10/2023,0.51542,,0.50429,0.51791,0.51212
4/9/2023,0.5035,,0.50629,0.50714,0.50018
4/8/2023,0.5066,,0.5117,0.50902,0.50461
4/7/2023,0.51278,,0.50216,0.51294,0.50708
4/6/2023,0.50191,,0.50301,0.50384,0.49805
4/5/2023,0.5023,,0.50593,0.50559,0.49551
4/4/2023,0.50551,,0.4951,0.50711,0.49873
4/3/2023,0.49494,,0.51214,0.49803,0.48738
4/2/2023,0.51235,,0.51269,0.52447,0.50443
4/1/2023,0.50971,,0.53799,0.53792,0.49849
3/31/2023,0.53181,,0.53321,0.53792,0.53169
3/30/2023,0.53306,,0.5335,0.53679,0.52809
3/29/2023,0.53491,,0.53591,0.55144,0.52498
3/28/2023,0.53385,,0.47359,0.53775,0.51446
3/27/2023,0.47411,,0.45381,0.4831,0.4685
3/26/2023,0.45421,,0.44869,0.4566,0.44258
3/25/2023,0.44827,,0.42631,0.45103,0.44066
3/24/2023,0.42863,,0.43343,0.4311,0.42263
3/23/2023,0.43432,,0.4185,0.44384,0.43147
3/22/2023,0.4182,,0.45861,0.42575,0.41183
3/21/2023,0.46006,,0.3818,0.4747,0.45194
3/20/2023,0.38101,,0.38078,0.38397,0.37295
3/19/2023,0.38056,,0.37719,0.39114,0.38056
3/18/2023,0.37733,,0.38355,0.3774,0.37371
3/17/2023,0.38422,,0.36879,0.38907,0.37677
3/16/2023,0.36832,,0.36208,0.3693,0.36218
3/15/2023,0.36287,,0.37399,0.36287,0.35656
3/14/2023,0.3738,,0.37089,0.37471,0.36919
3/13/2023,0.37013,,0.36642,0.37233,0.36892
3/12/2023,0.3662,,0.36311,0.37579,0.3659
3/11/2023,0.36261,,0.36788,0.3654,0.36193
3/10/2023,0.36798,,0.37127,0.37374,0.36598
3/9/2023,0.37321,,0.3863,0.37493,0.36549
3/8/2023,0.38757,,0.38048,0.39332,0.38596
3/7/2023,0.38034,,0.36855,0.38546,0.37661
3/6/2023,0.36861,,0.36392,0.37084,0.36698
3/5/2023,0.36442,,0.37485,0.36957,0.36072
3/4/2023,0.37455,,0.37582,0.3772,0.37147
3/3/2023,0.37518,,0.36532,0.37974,0.37479
3/2/2023,0.36611,,0.37951,0.37803,0.35553
3/1/2023,0.37878,,0.38005,0.38441,0.37748
2/28/2023,0.37977,,0.3769,0.37977,0.3728
2/27/2023,0.37635,,0.37649,0.37914,0.37208
2/26/2023,0.37598,,0.3778,0.37827,0.37556
2/25/2023,0.3775,,0.3777,0.37861,0.37666
2/24/2023,0.37749,,0.38988,0.37899,0.37602
2/23/2023,0.39052,,0.39683,0.39079,0.38761
2/22/2023,0.39648,,0.39023,0.39699,0.39028
2/21/2023,0.38962,,0.39578,0.3926,0.38318
2/20/2023,0.3956,,0.38961,0.39878,0.39389
2/19/2023,0.38967,,0.3924,0.39019,0.37802
2/18/2023,0.39213,,0.39431,0.39558,0.38929
2/17/2023,0.39432,,0.39018,0.39599,0.39353
2/16/2023,0.3895,,0.40107,0.39077,0.38107
2/15/2023,0.38154,,0.36723,0.38361,0.37658
2/14/2023,0.38253,,0.36641,0.38253,0.37658
2/13/2023,0.36649,,0.37259,0.37054,0.36462
2/12/2023,0.37249,,0.38116,0.37807,0.36695
2/11/2023,0.3803,,0.38295,0.38359,0.38029
2/10/2023,0.38281,,0.38308,0.3837,0.38021
2/9/2023,0.38343,,0.39225,0.38769,0.3808
2/8/2023,0.39209,,0.40017,0.39929,0.38733
2/7/2023,0.40018,,0.39487,0.4057,0.40018
2/6/2023,0.39451,,0.39925,0.39526,0.39025
2/5/2023,0.41049,,0.40919,0.41168,0.40722
2/4/2023,0.40957,,0.4086,0.41168,0.40722
2/3/2023,0.40792,,0.4114,0.41219,0.40792
2/2/2023,0.411,,0.41391,0.41177,0.40641
2/1/2023,0.41418,,0.40471,0.41709,0.41022
1/31/2023,0.40469,,0.39091,0.40638,0.40088
1/30/2023,0.3913,,0.41395,0.39409,0.38837
1/29/2023,0.41106,,0.4109,0.41391,0.4066
1/28/2023,0.41001,,0.41061,0.41384,0.4066
1/27/2023,0.41194,,0.40379,0.41598,0.40894
1/26/2023,0.40416,,0.41102,0.41043,0.39916
1/25/2023,0.41377,,0.40441,0.41778,0.41018
1/24/2023,0.40708,,0.42459,0.40785,0.39782
1/23/2023,0.42113,,0.40509,0.42541,0.41992
1/22/2023,0.40462,,0.40467,0.41178,0.39983
1/21/2023,0.40541,,0.41001,0.40617,0.40033
1/20/2023,0.41027,,0.39046,0.41391,0.40642
1/19/2023,0.38918,,0.38104,0.39347,0.38868
1/18/2023,0.3808,,0.38697,0.38141,0.3767
1/17/2023,0.38677,,0.38481,0.3923,0.38531
1/16/2023,0.38461,,0.40197,0.38869,0.37951
1/15/2023,0.40189,,0.38929,0.40627,0.38425
1/14/2023,0.38898,,0.40057,0.39675,0.38577
1/13/2023,0.40079,,0.378,0.40507,0.38509
1/12/2023,0.37785,,0.37689,0.37977,0.37061
1/11/2023,0.37769,,0.36647,0.37941,0.37078
1/10/2023,0.36308,,0.34794,0.36308,0.34775
1/9/2023,0.34751,,0.35179,0.35219,0.34338
1/8/2023,0.35214,,0.34001,0.35447,0.34379
1/7/2023,0.34003,,0.34281,0.3449,0.33813
1/6/2023,0.34281,,0.33629,0.34533,0.34234
1/5/2023,0.33638,,0.3473,0.34066,0.33581
1/4/2023,0.34751,,0.34738,0.34869,0.34408
1/3/2023,0.34841,,0.34352,0.35147,0.34223
1/2/2023,0.34428,,0.32807,0.3482,0.34192
1/1/2023,0.32701,,0.33634,0.33939,0.31516
12/31/2022,0.33723,,0.34072,0.33903,0.3371
12/30/2022,0.34061,,0.33861,0.34518,0.34011
12/29/2022,0.33839,,0.34546,0.34457,0.33422
12/28/2022,0.34407,,0.36252,0.3577,0.34244
12/27/2022,0.36283,,0.36042,0.36861,0.35866
12/26/2022,0.36009,,0.34993,0.36751,0.35885
12/25/2022,0.35012,,0.34919,0.35038,0.3456
12/24/2022,0.34891,,0.35318,0.3518,0.34842
12/23/2022,0.35315,,0.34966,0.3543,0.35218
12/22/2022,0.35,,0.34329,0.3502,0.34688
12/21/2022,0.34388,,0.33876,0.34706,0.34178
12/20/2022,0.34094,,0.33899,0.35035,0.33843
12/19/2022,0.34378,,0.34125,0.34378,0.33597
12/18/2022,0.3423,,0.35342,0.3529,0.33878
12/17/2022,0.35361,,0.35327,0.35522,0.35142
12/16/2022,0.35586,,0.37674,0.35609,0.3497
12/15/2022,0.37708,,0.38103,0.37896,0.37626
12/14/2022,0.38052,,0.39169,0.38658,0.37748
12/13/2022,0.39138,,0.38279,0.39527,0.38982
12/12/2022,0.38245,,0.37428,0.38796,0.37858
12/11/2022,0.3745,,0.38781,0.38278,0.37149
12/10/2022,0.38771,,0.38712,0.38849,0.3863
12/9/2022,0.38711,,0.39039,0.38896,0.38701
12/8/2022,0.39051,,0.38676,0.39502,0.39016
12/7/2022,0.387,,0.3872,0.39104,0.38316
12/6/2022,0.38678,,0.383,0.39246,0.38477
12/5/2022,0.38271,,0.39424,0.39069,0.38143
12/4/2022,0.39307,,0.39091,0.3939,0.389
12/3/2022,0.39201,,0.38929,0.39643,0.39111
12/2/2022,0.39197,,0.38698,0.39643,0.39111
12/1/2022,0.3864,,0.4026,0.3974,0.38392
11/30/2022,0.40239,,0.40209,0.40917,0.39971
11/29/2022,0.40171,,0.3841,0.40869,0.39679
11/28/2022,0.39124,,0.38299,0.39197,0.38329
11/27/2022,0.38179,,0.40102,0.399,0.37427
11/26/2022,0.40159,,0.40821,0.40294,0.39541
11/25/2022,0.4076,,0.39687,0.41438,0.40339
11/24/2022,0.39521,,0.3824,0.40198,0.38941
11/23/2022,0.3828,,0.37768,0.38386,0.3782
11/22/2022,0.37797,,0.35803,0.37876,0.36822
11/21/2022,0.3597,,0.35776,0.36703,0.35542
11/20/2022,0.38626,,0.38166,0.39598,0.38387
11/18/2022,0.38191,,0.38239,0.38487,0.37519
11/17/2022,0.38238,,0.37321,0.38619,0.36936
11/16/2022,0.37348,,0.38725,0.39098,0.36229
11/15/2022,0.38394,,0.36873,0.38928,0.37923
11/14/2022,0.37173,,0.33078,0.38698,0.36701
11/13/2022,0.32619,,0.36703,0.34817,0.32185
11/12/2022,0.36559,,0.37537,0.36922,0.36182
11/11/2022,0.37166,,0.3789,0.38431,0.37019
11/10/2022,0.38166,,0.3596,0.39895,0.37579
11/9/2022,0.35657,,0.38742,0.35777,0.33066
11/8/2022,0.38784,,0.43306,0.4108,0.38005
11/7/2022,0.43399,,0.47354,0.46679,0.42677
11/6/2022,0.4732,,0.49082,0.47591,0.46906
11/5/2022,0.49043,,0.49887,0.49444,0.48724
11/4/2022,0.49755,,0.45724,0.5096,0.49509
11/3/2022,0.45674,,0.45573,0.45793,0.45335
11/2/2022,0.45651,,0.4615,0.45842,0.4489
11/1/2022,0.46206,,0.45978,0.46582,0.45801
10/31/2022,0.45868,,0.4558,0.46434,0.45741
10/30/2022,0.45595,,0.46782,0.4604,0.44851
10/29/2022,0.46746,,0.47328,0.47307,0.46649
10/28/2022,0.47312,,0.46313,0.47452,0.47003
10/27/2022,0.46422,,0.47342,0.46679,0.46036
10/26/2022,0.47467,,0.46144,0.48183,0.46831
10/25/2022,0.46175,,0.44807,0.46267,0.4569
10/24/2022,0.4479,,0.45637,0.45666,0.44372
10/23/2022,0.45698,,0.46051,0.47233,0.45688
10/22/2022,0.46118,,0.45945,0.46583,0.45818
10/21/2022,0.45793,,0.4474,0.4627,0.45633
10/20/2022,0.44827,,0.45628,0.45082,0.44201
10/19/2022,0.4565,,0.46241,0.46316,0.4503
10/18/2022,0.46318,,0.47693,0.4666,0.45823
10/17/2022,0.47695,,0.46859,0.48406,0.47171
10/16/2022,0.46792,,0.48399,0.47663,0.46295
10/15/2022,0.48409,,0.48792,0.48727,0.48165
10/14/2022,0.4878,,0.50175,0.48994,0.484
10/13/2022,0.50196,,0.47309,0.50659,0.47844
10/12/2022,0.47283,,0.48601,0.48939,0.46677
10/11/2022,0.48592,,0.49309,0.4904,0.48218
10/10/2022,0.49266,,0.5312,0.49878,0.48593
10/9/2022,0.53029,,0.51013,0.53788,0.52904
10/8/2022,0.51129,,0.52565,0.51717,0.50641
10/7/2022,0.52485,,0.48937,0.52631,0.51517
10/6/2022,0.48962,,0.49548,0.49482,0.4824
10/5/2022,0.49638,,0.47399,0.49837,0.48851
10/4/2022,0.47561,,0.45307,0.47991,0.47229
10/3/2022,0.45386,,0.449,0.46253,0.45206
10/2/2022,0.44824,,0.47518,0.45467,0.44634
10/1/2022,0.47423,,0.47485,0.47744,0.47335
9/30/2022,0.47668,,0.48011,0.48099,0.46765
9/29/2022,0.47906,,0.44168,0.48726,0.47238
9/28/2022,0.44148,,0.42602,0.45151,0.43715
9/27/2022,0.42412,,0.47629,0.45002,0.4189
9/26/2022,0.47673,,0.4824,0.48078,0.46497
9/25/2022,0.48215,,0.48572,0.50156,0.47858
9/24/2022,0.48445,,0.50107,0.49063,0.47615
9/23/2022,0.50013,,0.53856,0.51383,0.49704
9/22/2022,0.54348,,0.40222,0.54546,0.47753
9/21/2022,0.40213,,0.40472,0.40469,0.39402
9/20/2022,0.40452,,0.3729,0.41498,0.4037
9/19/2022,0.3729,,0.34496,0.38978,0.37101
9/18/2022,0.34491,,0.36839,0.36484,0.3403
9/17/2022,0.36787,,0.35019,0.37668,0.36567
9/16/2022,0.35004,,0.3271,0.35524,0.34869
9/15/2022,0.32615,,0.33561,0.32787,0.3219
9/14/2022,0.33557,,0.33554,0.34221,0.33281
9/13/2022,0.33564,,0.35298,0.33571,0.33153
9/12/2022,0.35223,,0.3497,0.36019,0.35124
9/11/2022,0.34899,,0.35617,0.35793,0.348
9/10/2022,0.35542,,0.35482,0.35899,0.35485
9/9/2022,0.35662,,0.34477,0.35874,0.35225
9/8/2022,0.3454,,0.33219,0.34608,0.33946
9/7/2022,0.33197,,0.31837,0.33735,0.33081
9/6/2022,0.3181,,0.33393,0.32313,0.31367
9/5/2022,0.33361,,0.33037,0.34304,0.33097
9/4/2022,0.33066,,0.33038,0.3332,0.33033
9/3/2022,0.33001,,0.3283,0.33128,0.32917
9/2/2022,0.32819,,0.33122,0.33356,0.32771
9/1/2022,0.33126,,0.32375,0.33345,0.32816
8/31/2022,0.32348,,0.33217,0.3292,0.32264
8/30/2022,0.33181,,0.33,0.33262,0.32668
8/29/2022,0.32917,,0.32336,0.33403,0.32847
8/28/2022,0.32324,,0.33428,0.32499,0.31888
8/27/2022,0.33442,,0.33662,0.33614,0.33241
8/26/2022,0.33659,,0.34743,0.34365,0.3327
8/25/2022,0.34699,,0.34139,0.35014,0.34366
8/24/2022,0.34502,,0.33972,0.35014,0.34366
8/23/2022,0.33972,,0.33878,0.34752,0.33903
8/22/2022,0.3395,,0.33709,0.34464,0.33921
8/21/2022,0.34437,,0.3417,0.34702,0.33552
8/20/2022,0.33643,,0.34003,0.33994,0.33552
8/19/2022,0.33919,,0.36088,0.34088,0.33443
8/18/2022,0.36079,,0.37407,0.37031,0.35981
8/17/2022,0.37372,,0.38715,0.38112,0.37298
8/16/2022,0.38652,,0.37159,0.39182,0.37691
8/15/2022,0.37201,,0.38247,0.37721,0.36679
8/14/2022,0.3815,,0.38368,0.38491,0.37431
8/13/2022,0.38439,,0.3808,0.38834,0.37673
8/12/2022,0.38131,,0.37635,0.3819,0.37817
8/11/2022,0.37721,,0.38003,0.3805,0.37471
8/10/2022,0.38128,,0.36252,0.38554,0.37943
8/9/2022,0.36154,,0.37621,0.3676,0.35862
8/8/2022,0.37679,,0.37267,0.37998,0.37464
8/7/2022,0.37329,,0.37164,0.37444,0.3714
8/6/2022,0.3716,,0.37536,0.37257,0.36819
8/5/2022,0.37389,,0.3742,0.3776,0.37348
8/4/2022,0.37587,,0.37113,0.37591,0.37006
8/3/2022,0.3712,,0.36773,0.37438,0.36915
8/2/2022,0.36763,,0.37088,0.37187,0.36322
8/1/2022,0.37086,,0.38145,0.39344,0.36702
7/31/2022,0.38046,,0.38855,0.38579,0.37842
7/30/2022,0.38777,,0.36678,0.39376,0.38644
7/29/2022,0.36671,,0.37571,0.3714,0.36481
7/28/2022,0.37623,,0.35882,0.37659,0.36833
7/27/2022,0.35915,,0.3308,0.3617,0.3552
7/26/2022,0.3306,,0.33407,0.3395,0.33044
7/25/2022,0.33331,,0.34605,0.33728,0.33043
7/24/2022,0.34534,,0.3566,0.36011,0.34529
7/23/2022,0.35692,,0.35847,0.36321,0.35681
7/22/2022,0.35971,,0.3634,0.3604,0.3561
7/21/2022,0.36282,,0.35566,0.36904,0.36189
7/20/2022,0.35608,,0.3769,0.36692,0.35248
7/19/2022,0.37706,,0.35505,0.37886,0.36777
7/18/2022,0.35543,,0.35623,0.36911,0.35543
7/17/2022,0.35599,,0.35299,0.35935,0.34307
7/16/2022,0.35271,,0.33601,0.35404,0.34792
7/15/2022,0.33602,,0.34445,0.33703,0.33157
7/14/2022,0.34301,,0.32167,0.34864,0.33192
7/13/2022,0.32125,,0.3117,0.32475,0.31957
7/12/2022,0.3116,,0.31361,0.31431,0.30775
7/11/2022,0.31311,,0.32559,0.31727,0.3127
7/10/2022,0.32509,,0.33702,0.32888,0.3231
7/9/2022,0.33685,,0.3429,0.34488,0.33627
7/8/2022,0.34315,,0.35481,0.34437,0.33966
7/7/2022,0.355,,0.32949,0.35837,0.34192
7/6/2022,0.32891,,0.322,0.33475,0.32692
7/5/2022,0.32162,,0.3265,0.32691,0.32008
7/3/2022,0.31189,,0.31183,0.31663,0.30916
7/2/2022,0.31517,,0.311,0.31606,0.31282
7/1/2022,0.3117,,0.32213,0.31562,0.30989
6/30/2022,0.32495,,0.32579,0.33446,0.32495
6/29/2022,0.32556,,0.33615,0.33063,0.32249
6/28/2022,0.33513,,0.34444,0.34153,0.3342
6/27/2022,0.34372,,0.36458,0.3556,0.34103
6/26/2022,0.36369,,0.36588,0.36696,0.3589
6/25/2022,0.36491,,0.36872,0.36961,0.3631
6/24/2022,0.3699,,0.36744,0.37378,0.36278
6/23/2022,0.37012,,0.32399,0.37603,0.33513
6/22/2022,0.32342,,0.32162,0.3297,0.32142
6/21/2022,0.32169,,0.32407,0.32958,0.32161
6/20/2022,0.32363,,0.31809,0.32629,0.31922
6/19/2022,0.31911,,0.3008,0.32803,0.31637
6/18/2022,0.30239,,0.31997,0.3111,0.301
6/17/2022,0.31986,,0.32352,0.32627,0.31657
6/16/2022,0.32418,,0.3349,0.3305,0.31065
6/15/2022,0.33588,,0.31332,0.34696,0.33493
6/14/2022,0.31487,,0.31406,0.32399,0.31448
6/13/2022,0.31435,,0.33112,0.31568,0.29388
6/12/2022,0.33075,,0.34489,0.34993,0.32483
6/11/2022,0.3458,,0.38471,0.36233,0.34057
6/10/2022,0.38518,,0.40161,0.38536,0.38089
6/9/2022,0.40274,,0.40054,0.40319,0.39467
6/8/2022,0.40077,,0.4044,0.40189,0.39756
6/7/2022,0.39801,,0.38626,0.41019,0.39636
6/6/2022,0.38878,,0.40189,0.40277,0.38513
6/5/2022,0.40294,,0.39137,0.40378,0.39419
6/4/2022,0.39121,,0.38614,0.39437,0.38965
6/3/2022,0.38648,,0.40845,0.39118,0.38497
6/2/2022,0.40815,,0.39739,0.41032,0.40391
6/1/2022,0.3941,,0.41712,0.39922,0.3941
5/31/2022,0.41757,,0.4186,0.42625,0.41716
5/30/2022,0.39838,,0.3858,0.40495,0.38699
5/29/2022,0.39771,,0.38276,0.40189,0.38699
5/28/2022,0.38207,,0.38524,0.38692,0.37945
5/27/2022,0.38508,,0.39866,0.3872,0.38068
5/26/2022,0.39905,,0.40817,0.40001,0.38576
5/25/2022,0.40761,,0.41108,0.41088,0.40582
5/24/2022,0.4113,,0.41142,0.41329,0.40658
5/23/2022,0.41113,,0.41995,0.41209,0.4037
5/22/2022,0.41987,,0.413,0.42479,0.41774
5/21/2022,0.41245,,0.41166,0.41578,0.41218
5/20/2022,0.41019,,0.4313,0.41232,0.40368
5/19/2022,0.43086,,0.40951,0.43395,0.41751
5/18/2022,0.4103,,0.42847,0.4128,0.392
5/17/2022,0.42826,,0.43483,0.44248,0.42775
5/16/2022,0.43604,,0.43325,0.43708,0.42291
5/15/2022,0.43186,,0.4191,0.44798,0.43077
5/14/2022,0.41847,,0.4353,0.43065,0.41537
5/13/2022,0.43519,,0.44527,0.44069,0.42042
5/12/2022,0.44385,,0.3817,0.44485,0.38092
5/11/2022,0.38672,,0.51508,0.4288,0.38088
5/10/2022,0.51651,,0.49942,0.52239,0.50719
5/9/2022,0.50104,,0.56429,0.50871,0.47336
5/8/2022,0.56728,,0.57468,0.57851,0.55812
5/7/2022,0.57389,,0.59497,0.58286,0.56973
5/6/2022,0.59702,,0.60957,0.6043,0.59571
5/5/2022,0.60802,,0.64894,0.61571,0.59458
5/4/2022,0.64928,,0.61512,0.6567,0.64582
5/3/2022,0.61546,,0.62371,0.61811,0.60422
5/2/2022,0.62283,,0.61857,0.62727,0.61429
5/1/2022,0.61891,,0.59145,0.6235,0.60532
4/30/2022,0.59047,,0.61977,0.59385,0.57763
4/29/2022,0.62007,,0.63696,0.62141,0.61054
4/28/2022,0.63646,,0.64786,0.64692,0.63356
4/27/2022,0.64767,,0.64926,0.65566,0.64761
4/26/2022,0.64952,,0.69661,0.65172,0.63702
4/25/2022,0.69581,,0.68215,0.70558,0.68946
4/24/2022,0.68231,,0.70961,0.69926,0.67738
4/23/2022,0.70984,,0.71247,0.71048,0.70535
4/22/2022,0.71155,,0.73179,0.72631,0.70917
4/21/2022,0.73229,,0.75369,0.73495,0.72901
4/20/2022,0.7536,,0.76862,0.75711,0.7513
4/19/2022,0.76775,,0.76933,0.77512,0.76259
4/18/2022,0.76756,,0.75785,0.77639,0.76723
4/17/2022,0.77561,,0.77481,0.78582,0.77148
4/16/2022,0.7752,,0.78432,0.78468,0.77148
4/15/2022,0.78613,,0.78681,0.7988,0.77886
4/14/2022,0.78729,,0.73645,0.78729,0.72625
4/13/2022,0.73465,,0.71462,0.7406,0.72221
4/12/2022,0.71571,,0.70027,0.71945,0.71024
4/11/2022,0.70109,,0.73872,0.70496,0.69364
4/10/2022,0.73853,,0.76585,0.7555,0.7323
4/9/2022,0.7663,,0.76171,0.76816,0.76001
4/8/2022,0.76109,,0.79299,0.76271,0.75408
4/7/2022,0.79119,,0.76899,0.79192,0.78485
4/6/2022,0.76855,,0.80906,0.7733,0.75295
4/5/2022,0.80952,,0.8268,0.81733,0.782
4/4/2022,0.82715,,0.83026,0.83066,0.82357
4/3/2022,0.83093,,0.82799,0.84317,0.82935
4/2/2022,0.82946,,0.82898,0.84972,0.8203
4/1/2022,0.83707,,0.82037,0.84058,0.82483
3/31/2022,0.81637,,0.86191,0.83136,0.80804
3/30/2022,0.86266,,0.86139,0.87097,0.85837
3/29/2022,0.86229,,0.87072,0.86391,0.84659
3/28/2022,0.8707,,0.87025,0.87874,0.8629
3/27/2022,0.86953,,0.83584,0.87259,0.85351
3/26/2022,0.83418,,0.82655,0.84235,0.83121
3/25/2022,0.82622,,0.83936,0.82752,0.82067
3/24/2022,0.8387,,0.83174,0.84547,0.83763
3/23/2022,0.83418,,0.82801,0.84479,0.82739
3/22/2022,0.82818,,0.85153,0.84563,0.82722
3/21/2022,0.85407,,0.79948,0.85929,0.83486
3/20/2022,0.79872,,0.8141,0.80831,0.78882
3/19/2022,0.81518,,0.79672,0.8217,0.80863
3/18/2022,0.79276,,0.7878,0.79915,0.79181
3/17/2022,0.7869,,0.79298,0.80049,0.7839
3/16/2022,0.79274,,0.76078,0.79811,0.78794
3/15/2022,0.76095,,0.76235,0.78846,0.75948
3/14/2022,0.76223,,0.76147,0.77608,0.75967
3/13/2022,0.75925,,0.79604,0.77961,0.74565
3/12/2022,0.79806,,0.81114,0.79905,0.78417
3/11/2022,0.81535,,0.73642,0.84877,0.79675
3/10/2022,0.73611,,0.7396,0.73966,0.72749
3/9/2022,0.74189,,0.74819,0.77842,0.73828
3/8/2022,0.74835,,0.72679,0.74983,0.72021
3/7/2022,0.72642,,0.72136,0.7299,0.7164
3/6/2022,0.72269,,0.74277,0.72627,0.7093
3/3/2022,0.7513,,0.76885,0.78857,0.73518
3/2/2022,0.76931,,0.77434,0.78857,0.76031
3/1/2022,0.77554,,0.77677,0.78396,0.76482
2/28/2022,0.77493,,0.72028,0.78835,0.76463
2/27/2022,0.72015,,0.73444,0.7315,0.71108
2/26/2022,0.7359,,0.77539,0.7533,0.72266
2/25/2022,0.77694,,0.69964,0.79063,0.76603
2/24/2022,0.69516,,0.63936,0.70459,0.68852
2/23/2022,0.64852,,0.71066,0.70326,0.63021
2/22/2022,0.71538,,0.67851,0.72719,0.70571
2/21/2022,0.68047,,0.78734,0.71353,0.67499
2/20/2022,0.79536,,0.79839,0.80041,0.76989
2/19/2022,0.79417,,0.79076,0.82272,0.79006
2/18/2022,0.78953,,0.78666,0.79715,0.78372
2/17/2022,0.7842,,0.82262,0.79003,0.76395
2/16/2022,0.82378,,0.83265,0.84449,0.81112
2/15/2022,0.8323,,0.8211,0.85173,0.82582
2/14/2022,0.82162,,0.79376,0.83906,0.79627
2/13/2022,0.79212,,0.82014,0.81103,0.78343
2/12/2022,0.82092,,0.77277,0.83649,0.81198
2/11/2022,0.77158,,0.82153,0.77872,0.75453
2/10/2022,0.82329,,0.87268,0.82956,0.80894
2/9/2022,0.86688,,0.85629,0.87905,0.85376
2/8/2022,0.85592,,0.87388,0.90057,0.8443
2/7/2022,0.87072,,0.72453,0.88599,0.81374
2/6/2022,0.72215,,0.66841,0.7287,0.67173
2/5/2022,0.66822,,0.67086,0.67438,0.66448
2/4/2022,0.67073,,0.60914,0.68613,0.65019
2/3/2022,0.60971,,0.60259,0.61248,0.60446
2/2/2022,0.60362,,0.62583,0.60369,0.59742
2/1/2022,0.62525,,0.62392,0.63115,0.62314
1/31/2022,0.62346,,0.5832,0.62757,0.61117
1/30/2022,0.58392,,0.61887,0.6016,0.581
1/29/2022,0.61745,,0.61313,0.61939,0.61118
1/28/2022,0.61319,,0.60611,0.61551,0.60914
1/27/2022,0.6051,,0.59755,0.61316,0.59869
1/26/2022,0.5974,,0.63065,0.62405,0.58992
1/25/2022,0.60071,,0.56824,0.61206,0.58659
1/24/2022,0.59425,,0.60587,0.61206,0.59354
1/23/2022,0.60643,,0.60604,0.62868,0.60621
1/22/2022,0.60559,,0.64224,0.60991,0.5903
1/21/2022,0.64125,,0.69595,0.65281,0.63065
1/20/2022,0.69706,,0.74432,0.72835,0.68851
1/19/2022,0.74447,,0.74237,0.74843,0.73786
1/18/2022,0.7426,,0.75274,0.75318,0.73722
1/17/2022,0.75307,,0.76212,0.76844,0.7508
1/16/2022,0.76403,,0.77911,0.78022,0.76191
1/15/2022,0.77931,,0.77187,0.78097,0.77289
1/14/2022,0.77148,,0.77593,0.77732,0.76927
1/13/2022,0.7779,,0.791,0.77799,0.76436
1/12/2022,0.7908,,0.76801,0.8021,0.78527
1/11/2022,0.76893,,0.75012,0.77928,0.76774
1/10/2022,0.74802,,0.75848,0.75497,0.73285
1/9/2022,0.76213,,0.7538,0.7665,0.73842
1/8/2022,0.75487,,0.77116,0.7573,0.74147
1/7/2022,0.77191,,0.74918,0.77465,0.76076
1/6/2022,0.74893,,0.76097,0.78057,0.72996
1/5/2022,0.75832,,0.83012,0.77778,0.74764
1/4/2022,0.83041,,0.82771,0.83265,0.82124
1/3/2022,0.82721,,0.84284,0.83409,0.82331
1/2/2022,0.84451,,0.83942,0.85867,0.8443
1/1/2022,0.8413,,0.83531,0.85081,0.84088
12/31/2021,0.83614,,0.83876,0.85102,0.82997
12/30/2021,0.83887,,0.82461,0.8447,0.82852
12/29/2021,0.82467,,0.85869,0.82854,0.8042
12/28/2021,0.8583,,0.8943,0.86439,0.85125
12/27/2021,0.88446,,0.924,0.92671,0.86993
12/26/2021,0.92242,,0.90789,0.92799,0.91592
12/25/2021,0.91099,,0.91368,0.93305,0.90568
12/24/2021,0.92108,,0.97523,0.92342,0.89917
12/23/2021,0.9739,,0.99273,0.99588,0.96843
12/22/2021,0.99723,,0.97009,1.01005,0.9387
12/21/2021,0.96194,,0.88011,0.97141,0.93301
12/20/2021,0.87967,,0.90346,0.8905,0.85315
12/19/2021,0.82782,,0.83091,0.83982,0.81969
12/18/2021,0.83955,,0.81097,0.83973,0.81969
12/17/2021,0.80896,,0.8133,0.81006,0.79116
12/16/2021,0.81366,,0.82442,0.81467,0.80319
12/15/2021,0.82432,,0.80827,0.83616,0.82233
12/14/2021,0.80817,,0.78684,0.82379,0.80172
12/13/2021,0.78532,,0.82608,0.79616,0.77392
12/12/2021,0.82519,,0.8213,0.84387,0.81727
12/11/2021,0.82235,,0.8283,0.84162,0.82049
12/10/2021,0.82647,,0.84748,0.82736,0.78641
12/9/2021,0.84705,,0.85444,0.88198,0.84417
12/8/2021,0.85363,,0.81284,0.87171,0.84339
12/7/2021,0.81001,,0.83079,0.82181,0.80486
12/6/2021,0.83027,,0.79716,0.84411,0.82229
12/5/2021,0.79744,,0.82358,0.80683,0.77455
12/4/2021,0.79867,,0.96111,0.92437,0.62065
12/3/2021,0.86083,,0.96992,0.92437,0.86083
12/2/2021,0.96896,,0.96983,0.97387,0.95911
12/1/2021,0.96882,,1.00719,0.98995,0.95647
11/30/2021,1.00654,,1.00051,1.01355,0.99363
11/29/2021,0.99996,,0.9758,1.01474,0.98923
11/28/2021,0.9764,,0.90674,0.98245,0.96695
11/27/2021,0.90824,,0.95859,0.9464,0.89336
11/26/2021,0.95935,,1.02747,0.95981,0.93563
11/25/2021,1.02818,,1.03408,1.04635,1.02459
11/24/2021,1.03414,,1.04355,1.05157,1.02658
11/23/2021,1.04345,,1.05063,1.07289,1.03699
11/22/2021,1.05059,,1.03391,1.05567,1.03082
11/21/2021,1.03914,,1.07581,1.0587,1.0299
11/20/2021,1.07585,,1.08739,1.09715,1.07371
11/19/2021,1.08672,,1.04256,1.09946,1.08377
11/18/2021,1.03963,,1.11372,1.05589,1.01839
11/17/2021,1.13403,,1.07536,1.15799,1.09111
11/16/2021,1.06612,,1.12899,1.09717,1.05976
11/15/2021,1.1297,,1.21363,1.17222,1.10706
11/14/2021,1.21898,,1.18739,1.21934,1.1881
11/13/2021,1.1874,,1.1746,1.1992,1.18536
11/12/2021,1.17718,,1.21487,1.19751,1.17306
11/11/2021,1.21766,,1.20597,1.23284,1.19831
11/10/2021,1.20279,,1.23804,1.20475,1.17713
11/9/2021,1.23754,,1.27045,1.26394,1.22155
11/8/2021,1.26538,,1.27495,1.28767,1.25731
11/7/2021,1.28079,,1.15399,1.28237,1.21795
11/6/2021,1.15219,,1.16615,1.16002,1.14525
11/5/2021,1.1652,,1.19657,1.17332,1.15315
11/4/2021,1.19307,,1.2256,1.20139,1.17133
11/3/2021,1.22586,,1.14695,1.25508,1.19643
11/2/2021,1.14132,,1.09804,1.15021,1.12586
11/1/2021,1.09675,,1.07828,1.09944,1.08558
10/31/2021,1.07849,,1.10655,1.131,1.07822
10/30/2021,1.10814,,1.07815,1.11714,1.08369
10/29/2021,1.07959,,1.08193,1.08421,1.07231
10/28/2021,1.07333,,1.00388,1.0861,1.05521
10/27/2021,1.00537,,1.11379,1.01009,0.9822
10/26/2021,1.11126,,1.11675,1.12462,1.10065
10/25/2021,1.11375,,1.09262,1.12403,1.09314
10/24/2021,1.09175,,1.09047,1.09923,1.07836
10/23/2021,1.09296,,1.09031,1.09548,1.08715
10/22/2021,1.09221,,1.1017,1.0942,1.08186
10/21/2021,1.10757,,1.14505,1.10913,1.08836
10/20/2021,1.14321,,1.0998,1.16343,1.12854
10/19/2021,1.1051,,1.09696,1.1078,1.08703
10/18/2021,1.09658,,1.09569,1.09965,1.07762
10/17/2021,1.09249,,1.13489,1.10583,1.08934
10/16/2021,1.13518,,1.13747,1.13731,1.1202
10/15/2021,1.13805,,1.13513,1.14914,1.13154
10/14/2021,1.13653,,1.13001,1.13855,1.10549
10/13/2021,1.12942,,1.11948,1.13774,1.12181
10/12/2021,1.1187,,1.0922,1.12541,1.09202
10/11/2021,1.0939,,1.16636,1.1363,1.0815
10/10/2021,1.16432,,1.1662,1.16584,1.12901
10/9/2021,1.16263,,1.06992,1.17307,1.13501
10/8/2021,1.06914,,1.06535,1.07064,1.05756
10/7/2021,1.06408,,1.05811,1.07911,1.05992
10/6/2021,1.06032,,1.06675,1.0874,1.04492
10/5/2021,1.06782,,1.04611,1.08459,1.06398
10/4/2021,1.04147,,1.02662,1.05584,1.03819
10/3/2021,1.02845,,1.04226,1.05956,1.02714
10/2/2021,1.03727,,1.01455,1.04861,1.0211
10/1/2021,1.01617,,0.94968,1.04309,1.01585
9/30/2021,0.94799,,0.95861,0.9599,0.94442
9/29/2021,0.95532,,0.91487,0.95841,0.92219
9/28/2021,0.91278,,0.93385,0.91381,0.88656
9/27/2021,0.9658,,0.91702,0.98126,0.93635
9/26/2021,0.96658,,0.92589,0.98126,0.93635
9/25/2021,0.92548,,0.94579,0.94252,0.91383
9/24/2021,0.94575,,0.98263,0.95151,0.93116
9/23/2021,0.98605,,1.01002,1.00242,0.98541
9/22/2021,1.01016,,0.92248,1.01376,0.9797
9/21/2021,0.92635,,0.94751,0.93669,0.86813
9/20/2021,0.93839,,0.98207,0.95272,0.86745
9/19/2021,0.98318,,1.06754,1.04944,0.97472
9/18/2021,1.06962,,1.0775,1.07795,1.065
9/17/2021,1.07104,,1.09613,1.07379,1.05683
9/16/2021,1.0928,,1.10069,1.09735,1.08376
9/15/2021,1.10029,,1.087,1.12973,1.09355
9/14/2021,1.08667,,1.0729,1.09845,1.0841
9/13/2021,1.07538,,1.06595,1.07709,1.05817
9/12/2021,1.08158,,1.07778,1.12603,1.07904
9/11/2021,1.07738,,1.06174,1.08423,1.05809
9/10/2021,1.05644,,1.13535,1.07672,1.05134
9/9/2021,1.1329,,1.09108,1.24271,1.08589
9/8/2021,1.08689,,1.10083,1.12481,1.08172
9/7/2021,1.10592,,1.36811,1.14727,1.0984
9/6/2021,1.36896,,1.3176,1.39191,1.36621
9/5/2021,1.25809,,1.2794,1.26562,1.23675
9/4/2021,1.245,,1.28262,1.26562,1.24407
9/3/2021,1.2818,,1.2749,1.29667,1.26761
9/2/2021,1.27081,,1.25058,1.27139,1.22389
9/1/2021,1.24814,,1.18296,1.25744,1.22205
8/31/2021,1.18002,,1.12482,1.19478,1.15955
8/30/2021,1.1261,,1.12685,1.12711,1.09152
8/29/2021,1.12632,,1.12436,1.14449,1.1204
8/28/2021,1.12536,,1.16401,1.16811,1.11912
8/27/2021,1.16677,,1.07554,1.19791,1.16468
8/26/2021,1.11765,,1.12027,1.18648,1.10403
8/25/2021,1.13967,,1.14716,1.18648,1.13201
8/24/2021,1.14629,,1.2348,1.1709,1.13512
8/23/2021,1.23384,,1.2511,1.25101,1.21836
8/22/2021,1.24946,,1.2283,1.25444,1.22118
8/21/2021,1.227,,1.26845,1.24088,1.21436
8/20/2021,1.27034,,1.20666,1.28262,1.23279
8/19/2021,1.20587,,1.11813,1.23581,1.19994
8/18/2021,1.12694,,1.10918,1.16958,1.11251
8/17/2021,1.10316,,1.20792,1.11567,1.0522
8/16/2021,1.20455,,1.27937,1.22197,1.12123
8/15/2021,1.28763,,1.30287,1.32792,1.26062
8/14/2021,1.31202,,1.087,1.34807,1.2678
8/13/2021,1.08389,,0.98253,1.10883,1.07095
8/12/2021,0.98337,,1.02156,0.98702,0.95173
8/11/2021,1.03529,,0.87613,1.04384,0.99673
8/10/2021,0.87229,,0.80436,0.88102,0.84927
8/9/2021,0.80528,,0.78279,0.82236,0.80284
8/8/2021,0.78216,,0.8174,0.78284,0.76058
8/7/2021,0.81531,,0.7646,0.84032,0.79825
8/6/2021,0.76293,,0.72897,0.76482,0.74124
8/5/2021,0.7286,,0.72756,0.74109,0.72809
8/4/2021,0.72678,,0.71125,0.73362,0.72005
8/3/2021,0.71283,,0.72364,0.72285,0.71041
8/2/2021,0.72099,,0.73031,0.74441,0.71976
8/1/2021,0.73008,,0.77361,0.73262,0.71673
7/31/2021,0.77537,,0.75073,0.77636,0.74092
7/30/2021,0.75167,,0.75187,0.75794,0.7436
7/29/2021,0.75517,,0.7044,0.76018,0.735
7/28/2021,0.7021,,0.64485,0.73885,0.69777
7/27/2021,0.64138,,0.61663,0.64857,0.63593
7/26/2021,0.6195,,0.65081,0.6335,0.61272
7/25/2021,0.65189,,0.60665,0.65885,0.60502
7/24/2021,0.60641,,0.59484,0.61383,0.60219
7/23/2021,0.60639,,0.59722,0.6104,0.6034
7/22/2021,0.59612,,0.5651,0.60166,0.5886
7/21/2021,0.56511,,0.53251,0.57785,0.56107
7/20/2021,0.53217,,0.52408,0.53296,0.51981
7/19/2021,0.52325,,0.58369,0.5692,0.52018
7/18/2021,0.58349,,0.59538,0.58871,0.57558
7/17/2021,0.59617,,0.57953,0.60112,0.58167
7/16/2021,0.57957,,0.61018,0.59714,0.56785
7/15/2021,0.61036,,0.61602,0.61707,0.594
7/14/2021,0.61529,,0.61063,0.62613,0.61246
7/13/2021,0.59002,,0.62872,0.62095,0.5869
7/12/2021,0.62803,,0.64272,0.63274,0.62555
7/11/2021,0.64692,,0.62255,0.64859,0.63287
7/10/2021,0.62072,,0.6324,0.62955,0.62004
7/9/2021,0.63328,,0.60825,0.64841,0.63052
7/8/2021,0.61717,,0.63927,0.62308,0.5934
7/7/2021,0.63798,,0.66935,0.65382,0.62915
7/6/2021,0.66903,,0.66399,0.66903,0.65904
7/5/2021,0.66313,,0.67981,0.66451,0.65185
7/4/2021,0.67704,,0.67644,0.69614,0.67641
7/3/2021,0.67716,,0.64468,0.68013,0.64387
7/2/2021,0.64455,,0.6412,0.65805,0.64387
7/1/2021,0.64036,,0.67438,0.6671,0.63987
6/30/2021,0.67421,,0.67781,0.70542,0.67314
6/29/2021,0.68133,,0.64872,0.714,0.68133
6/28/2021,0.64845,,0.63733,0.66124,0.64228
6/27/2021,0.63858,,0.6296,0.65338,0.63571
6/26/2021,0.62909,,0.61834,0.62915,0.60888
6/25/2021,0.61898,,0.68075,0.62592,0.60612
6/24/2021,0.67912,,0.63223,0.6881,0.65806
6/23/2021,0.62668,,0.60435,0.66054,0.61716
6/22/2021,0.60066,,0.64124,0.61909,0.52269
6/21/2021,0.6449,,0.72675,0.64888,0.57373
6/20/2021,0.72873,,0.74758,0.77885,0.72631
6/19/2021,0.74807,,0.78558,0.75965,0.7323
6/18/2021,0.78453,,0.83898,0.80499,0.78395
6/17/2021,0.8388,,0.85566,0.84141,0.83026
6/16/2021,0.85642,,0.86451,0.86084,0.83126
6/15/2021,0.86513,,0.88653,0.86663,0.85317
6/14/2021,0.8868,,0.87023,0.90115,0.87674
6/13/2021,0.86954,,0.82502,0.89154,0.86749
6/12/2021,0.82524,,0.81896,0.84193,0.82394
6/11/2021,0.8111,,0.86858,0.84757,0.80638
6/10/2021,0.86577,,0.89349,0.87383,0.84691
6/9/2021,0.89561,,0.84577,0.92699,0.89503
6/8/2021,0.84666,,0.84582,0.87567,0.83149
6/7/2021,0.8451,,0.96709,0.87132,0.82926
6/6/2021,0.96255,,0.93605,0.97376,0.94511
6/5/2021,0.93665,,0.9872,0.94091,0.91773
6/4/2021,0.98052,,0.99309,0.99016,0.96324
6/3/2021,0.99688,,1.01696,1.04588,0.95632
6/2/2021,1.02543,,1.0025,1.0331,1.00778
6/1/2021,1.00504,,1.04393,1.01631,0.98136
5/31/2021,1.03471,,0.89789,1.0973,1.02705
5/30/2021,0.88959,,0.83824,0.94276,0.88318
5/29/2021,0.83964,,0.92868,0.84205,0.79877
5/28/2021,0.92264,,0.97069,0.93534,0.89563
5/27/2021,0.96507,,0.95161,0.98301,0.94933
5/26/2021,0.94243,,1.00971,1.0403,0.93389
5/25/2021,1.00358,,0.97741,1.01224,0.9489
5/24/2021,0.97661,,0.79425,1.0527,0.95204
5/23/2021,0.79676,,0.92382,0.82314,0.75667
5/22/2021,0.92247,,0.93411,0.96587,0.87979
5/21/2021,0.93988,,1.15021,1.01342,0.93707
5/20/2021,1.1523,,1.10597,1.21581,1.14958
5/19/2021,1.09468,,1.48576,1.11249,0.91194
5/18/2021,1.49511,,1.52409,1.64286,1.45973
5/17/2021,1.5191,,1.35541,1.5319,1.47421
5/16/2021,1.36595,,1.59519,1.4484,1.34009
5/15/2021,1.57626,,1.3953,1.59602,1.48591
5/14/2021,1.39694,,1.3333,1.42712,1.37838
5/13/2021,1.33975,,1.33282,1.37334,1.33137
5/12/2021,1.31952,,1.53838,1.35212,1.20537
5/11/2021,1.52604,,1.38312,1.53448,1.47261
5/10/2021,1.38523,,1.58892,1.44365,1.3587
5/9/2021,1.58609,,1.52148,1.59584,1.52398
5/8/2021,1.55598,,1.60337,1.59317,1.5533
5/7/2021,1.60381,,1.55147,1.61806,1.56182
5/6/2021,1.56578,,1.69812,1.62134,1.52011
5/5/2021,1.69294,,1.43376,1.76001,1.61386
5/4/2021,1.4608,,1.46059,1.46216,1.39752
5/3/2021,1.4461,,1.58304,1.55703,1.41283
5/2/2021,1.58014,,1.55878,1.59807,1.55303
5/1/2021,1.57292,,1.59563,1.65348,1.57257
4/30/2021,1.60375,,1.39846,1.62527,1.55588
4/29/2021,1.39856,,1.38104,1.40511,1.37604
4/28/2021,1.37516,,1.38305,1.40815,1.32815
4/27/2021,1.39756,,1.41821,1.44663,1.38233
4/26/2021,1.42096,,1.13139,1.45828,1.34764
4/25/2021,1.1285,,1.0401,1.14699,1.01794
4/24/2021,1.04257,,1.12927,1.07183,1.03182
4/23/2021,1.13332,,1.07064,1.17095,1.09342
4/22/2021,1.06826,,1.28615,1.19593,0.89374
4/21/2021,1.28104,,1.40397,1.34175,1.27003
4/20/2021,1.41184,,1.25437,1.46239,1.36477
4/19/2021,1.25854,,1.46116,1.32224,1.18308
4/18/2021,1.47586,,1.33832,1.47647,1.36135
4/17/2021,1.25931,,1.61141,1.56266,1.16193
4/16/2021,1.60176,,1.73369,1.64544,1.53728
4/15/2021,1.73997,,1.7662,1.80402,1.71021
4/14/2021,1.75813,,1.81966,1.88408,1.71221
4/13/2021,1.80931,,1.44644,1.84071,1.74907
4/12/2021,1.44305,,1.34722,1.47542,1.42122
4/11/2021,1.34773,,1.44451,1.36864,1.3197
4/10/2021,1.43871,,1.07012,1.48162,1.34919
4/9/2021,1.06395,,1.02164,1.06729,1.00711
4/8/2021,1.02005,,0.92128,1.05998,1.01013
4/7/2021,0.91549,,1.05278,0.94407,0.90415
4/6/2021,1.05902,,0.8696,1.10128,1.03184
4/5/2021,0.88472,,0.68088,0.93929,0.81318
4/4/2021,0.68523,,0.59125,0.70123,0.61963
4/3/2021,0.59044,,0.62267,0.59597,0.56884
4/2/2021,0.61885,,0.57032,0.63635,0.60656
4/1/2021,0.57217,,0.57757,0.58113,0.56818
3/31/2021,0.57154,,0.56138,0.59179,0.56473
3/30/2021,0.54632,,0.56266,0.57137,0.53095
3/29/2021,0.56053,,0.55741,0.56917,0.55924
3/28/2021,0.55893,,0.55115,0.56448,0.54371
3/27/2021,0.54969,,0.55861,0.55416,0.54377
3/26/2021,0.55845,,0.52662,0.57414,0.55556
3/25/2021,0.53379,,0.48495,0.53551,0.51046
3/24/2021,0.48258,,0.54355,0.49169,0.46029
3/23/2021,0.54399,,0.5788,0.55184,0.53643
3/22/2021,0.57554,,0.51426,0.59555,0.54244
3/21/2021,0.51441,,0.51632,0.5185,0.5024
3/20/2021,0.51607,,0.47345,0.54625,0.50654
3/19/2021,0.474,,0.46901,0.47892,0.46472
3/18/2021,0.46913,,0.47293,0.47114,0.45977
3/17/2021,0.47283,,0.47141,0.47847,0.46582
3/16/2021,0.47363,,0.45809,0.48159,0.45749
3/15/2021,0.45784,,0.44248,0.4632,0.42752
3/14/2021,0.44266,,0.45898,0.44538,0.43551
3/13/2021,0.457,,0.44238,0.4615,0.45202
3/12/2021,0.44131,,0.45579,0.4415,0.43274
3/11/2021,0.45564,,0.45685,0.46385,0.44568
3/10/2021,0.45605,,0.4655,0.4641,0.45066
3/9/2021,0.46449,,0.48027,0.48804,0.456
3/8/2021,0.48117,,0.46495,0.48656,0.47178
3/7/2021,0.46507,,0.4608,0.47267,0.46221
3/6/2021,0.46076,,0.4608,0.46646,0.45921
3/5/2021,0.45994,,0.45603,0.47019,0.45404
3/4/2021,0.46143,,0.43732,0.48268,0.44664
3/3/2021,0.43833,,0.44139,0.45875,0.43684
3/2/2021,0.44268,,0.44276,0.44302,0.4314
3/1/2021,0.44142,,0.41978,0.45414,0.43783
2/28/2021,0.42046,,0.4113,0.42676,0.41226
2/27/2021,0.41663,,0.44229,0.43789,0.41651
2/26/2021,0.44215,,0.43647,0.44399,0.42778
2/25/2021,0.43633,,0.46326,0.44292,0.413
2/24/2021,0.46446,,0.48937,0.48146,0.46221
2/23/2021,0.49303,,0.53685,0.49854,0.45857
2/22/2021,0.53017,,0.52602,0.5706,0.52581
2/21/2021,0.5233,,0.52385,0.54651,0.51627
2/20/2021,0.51998,,0.56768,0.53201,0.50521
2/19/2021,0.57133,,0.52658,0.57385,0.55568
2/18/2021,0.52562,,0.54694,0.53792,0.51489
2/17/2021,0.54476,,0.50105,0.54966,0.53435
2/16/2021,0.50321,,0.57291,0.52945,0.49784
2/15/2021,0.57291,,0.53861,0.57897,0.53533
2/14/2021,0.53769,,0.61163,0.60394,0.51117
2/13/2021,0.6138,,0.62585,0.63792,0.6018
2/12/2021,0.6359,,0.54995,0.64209,0.60604
2/11/2021,0.54685,,0.51149,0.56858,0.51961
2/10/2021,0.51198,,0.48238,0.52733,0.5015
2/9/2021,0.48212,,0.4818,0.49729,0.47119
2/8/2021,0.48119,,0.42141,0.48937,0.44989
2/7/2021,0.42129,,0.42687,0.42836,0.4128
2/6/2021,0.42196,,0.43015,0.45029,0.42195
2/5/2021,0.43297,,0.44408,0.45593,0.42685
2/4/2021,0.44681,,0.38725,0.47078,0.42851
2/3/2021,0.38659,,0.3853,0.39847,0.38186
2/2/2021,0.38666,,0.38183,0.39706,0.3723
2/1/2021,0.37869,,0.57085,0.39409,0.34132
1/31/2021,0.57439,,0.4062,0.59712,0.46155
1/30/2021,0.39955,,0.2911,0.44424,0.39005
1/29/2021,0.28734,,0.27737,0.30569,0.27879
1/28/2021,0.27133,,0.25618,0.27211,0.26038
1/27/2021,0.25548,,0.2649,0.25675,0.24728
1/26/2021,0.26457,,0.26677,0.26861,0.2634
1/25/2021,0.26629,,0.2782,0.27082,0.26317
1/24/2021,0.2778,,0.27488,0.28094,0.27318
1/23/2021,0.27397,,0.27708,0.27608,0.26906
1/22/2021,0.27737,,0.26711,0.28303,0.2703
1/21/2021,0.26671,,0.2927,0.27164,0.24165
1/20/2021,0.29486,,0.28832,0.3072,0.28858
1/19/2021,0.28892,,0.29017,0.29895,0.28316
1/18/2021,0.29075,,0.27336,0.29436,0.28409
1/17/2021,0.27278,,0.27938,0.27873,0.27171
1/16/2021,0.28081,,0.28025,0.28538,0.27591
1/15/2021,0.27959,,0.29285,0.28624,0.27815
1/14/2021,0.29396,,0.29607,0.30301,0.29315
1/13/2021,0.29618,,0.29186,0.30864,0.28358
1/12/2021,0.29108,,0.30005,0.29673,0.28544
1/11/2021,0.29838,,0.27835,0.30883,0.28002
1/10/2021,0.27985,,0.3329,0.31567,0.25579
1/9/2021,0.33272,,0.31949,0.33909,0.32433
1/8/2021,0.3201,,0.31212,0.32728,0.30626
1/7/2021,0.31195,,0.29247,0.34591,0.28574
1/6/2021,0.29655,,0.22718,0.31613,0.2457
1/5/2021,0.22667,,0.22785,0.23449,0.22162
1/4/2021,0.2299,,0.23953,0.2393,0.22525
1/3/2021,0.23579,,0.22282,0.23747,0.2229
1/2/2021,0.22348,,0.23469,0.22488,0.21746
1/1/2021,0.23395,,0.23918,0.23806,0.23083
12/31/2020,0.24277,,0.21481,0.24956,0.21643
12/30/2020,0.21501,,0.19817,0.21862,0.20543
12/29/2020,0.20001,,0.22662,0.22278,0.19217
12/28/2020,0.22714,,0.28107,0.24924,0.22037
12/27/2020,0.28132,,0.29412,0.28696,0.27897
12/26/2020,0.29594,,0.30954,0.30253,0.2901
12/25/2020,0.31457,,0.33321,0.32293,0.30247
12/24/2020,0.33293,,0.27527,0.35761,0.325
12/23/2020,0.2748,,0.38231,0.30362,0.2525
12/22/2020,0.39056,,0.48694,0.44785,0.3897
12/21/2020,0.48473,,0.56324,0.5215,0.47731
12/20/2020,0.56223,,0.57281,0.56909,0.54827
12/19/2020,0.57277,,0.57276,0.57665,0.56518
12/18/2020,0.57452,,0.58116,0.58539,0.56653
12/17/2020,0.58297,,0.55668,0.61238,0.5516
12/16/2020,0.55887,,0.44521,0.58249,0.5477
12/15/2020,0.44754,,0.50112,0.46808,0.43985
12/14/2020,0.49461,,0.51309,0.50706,0.49461
12/13/2020,0.50557,,0.48747,0.5181,0.50397
12/12/2020,0.49194,,0.53587,0.50988,0.48652
12/11/2020,0.5316,,0.55672,0.54739,0.51058
12/10/2020,0.55806,,0.57381,0.5736,0.54624
12/9/2020,0.57865,,0.54835,0.58669,0.56613
12/8/2020,0.55381,,0.60526,0.56415,0.54694
12/7/2020,0.60534,,0.61514,0.61018,0.60388
12/6/2020,0.61424,,0.61287,0.62317,0.60825
12/5/2020,0.61526,,0.57157,0.62717,0.58533
12/4/2020,0.57862,,0.61659,0.5796,0.54901
12/3/2020,0.61569,,0.62055,0.63388,0.60906
12/2/2020,0.6213,,0.60326,0.63701,0.61664
12/1/2020,0.60263,,0.64533,0.62145,0.59552
11/30/2020,0.64917,,0.62918,0.66866,0.64487
11/29/2020,0.62311,,0.61058,0.64533,0.60533
11/28/2020,0.61357,,0.54765,0.63024,0.58557
11/27/2020,0.54328,,0.54226,0.57617,0.54032
11/26/2020,0.54255,,0.5526,0.58549,0.52189
11/25/2020,0.5505,,0.62401,0.65095,0.52829
11/24/2020,0.64049,,0.68617,0.70711,0.62057
11/23/2020,0.67466,,0.45703,0.67779,0.5813
11/22/2020,0.45584,,0.44723,0.46644,0.43287
11/21/2020,0.45063,,0.33658,0.49544,0.41079
11/20/2020,0.33733,,0.30292,0.34401,0.32957
11/19/2020,0.30327,,0.29177,0.30509,0.3005
11/18/2020,0.292,,0.3012,0.29601,0.28959
11/17/2020,0.30032,,0.29868,0.30782,0.29436
11/16/2020,0.2969,,0.2687,0.29705,0.28731
11/15/2020,0.26797,,0.27089,0.2711,0.26763
11/14/2020,0.27036,,0.27257,0.27666,0.26813
11/13/2020,0.27222,,0.2556,0.2771,0.26404
11/12/2020,0.25592,,0.25673,0.25697,0.25435
11/11/2020,0.25646,,0.25469,0.2566,0.25315
11/10/2020,0.255,,0.2521,0.25879,0.25228
11/9/2020,0.25262,,0.2518,0.25269,0.24807
11/8/2020,0.25182,,0.25043,0.25613,0.25113
11/7/2020,0.25159,,0.26427,0.25197,0.24737
11/6/2020,0.26259,,0.24859,0.26725,0.25849
11/5/2020,0.24962,,0.23929,0.25301,0.24512
11/4/2020,0.23983,,0.23837,0.24127,0.23749
11/3/2020,0.23873,,0.22995,0.24039,0.23611
11/2/2020,0.22979,,0.24073,0.23674,0.22803
11/1/2020,0.24026,,0.23874,0.24455,0.23948
10/31/2020,0.23857,,0.2388,0.24123,0.23854
10/30/2020,0.23832,,0.24087,0.24004,0.23756
10/29/2020,0.24074,,0.24682,0.24389,0.24062
10/28/2020,0.24642,,0.25342,0.24667,0.24438
10/27/2020,0.25433,,0.24887,0.25667,0.25171
10/26/2020,0.24871,,0.25691,0.24978,0.24765
10/25/2020,0.25722,,0.25669,0.25904,0.25266
10/24/2020,0.2569,,0.25442,0.25708,0.25464
10/23/2020,0.25457,,0.25828,0.25551,0.25336
10/22/2020,0.2582,,0.25538,0.25917,0.25485
10/21/2020,0.25563,,0.24867,0.2576,0.25083
10/20/2020,0.24748,,0.24912,0.24758,0.24261
10/19/2020,0.24968,,0.24054,0.25021,0.24478
10/18/2020,0.24135,,0.2411,0.24287,0.24126
10/17/2020,0.24106,,0.2425,0.24157,0.24007
10/16/2020,0.242,,0.24684,0.24208,0.23869
10/15/2020,0.24649,,0.24727,0.24784,0.24478
10/14/2020,0.24723,,0.25661,0.24912,0.24553
10/13/2020,0.25761,,0.25541,0.25831,0.25556
10/12/2020,0.25565,,0.25551,0.25646,0.254
10/11/2020,0.25579,,0.25418,0.25579,0.25417
10/10/2020,0.25392,,0.25744,0.25565,0.25327
10/9/2020,0.25735,,0.25145,0.25803,0.25288
10/8/2020,0.25165,,0.24715,0.25223,0.25009
10/7/2020,0.24731,,0.24361,0.24917,0.2468
10/6/2020,0.24407,,0.25781,0.24562,0.24097
10/5/2020,0.25818,,0.24981,0.25916,0.25014
10/4/2020,0.25022,,0.23211,0.2542,0.24787
10/3/2020,0.23228,,0.23424,0.23359,0.23152
10/2/2020,0.23399,,0.23862,0.23427,0.23277
10/1/2020,0.23795,,0.24197,0.23831,0.23659
9/30/2020,0.24207,,0.24054,0.243,0.24149
9/29/2020,0.2409,,0.24154,0.24288,0.24035
9/28/2020,0.24171,,0.24459,0.24268,0.24014
9/27/2020,0.24475,,0.24417,0.2463,0.2432
9/26/2020,0.24429,,0.24397,0.24438,0.24129
9/25/2020,0.24405,,0.232,0.24546,0.24142
9/24/2020,0.23236,,0.22353,0.23339,0.23135
9/23/2020,0.22365,,0.23355,0.22431,0.21955
9/22/2020,0.23258,,0.23186,0.23382,0.23229
9/21/2020,0.23153,,0.24661,0.2339,0.22942
9/20/2020,0.24656,,0.24938,0.24808,0.24431
9/19/2020,0.25012,,0.25077,0.25131,0.24874
9/18/2020,0.24886,,0.25185,0.25104,0.24841
9/17/2020,0.2535,,0.25165,0.25384,0.25058
9/16/2020,0.25132,,0.24113,0.25821,0.24678
9/15/2020,0.23996,,0.24694,0.24331,0.23431
9/14/2020,0.24694,,0.24296,0.24939,0.24502
9/13/2020,0.24294,,0.25258,0.24369,0.23915
9/12/2020,0.25106,,0.2425,0.25106,0.24687
9/11/2020,0.24257,,0.23844,0.24265,0.24105
9/10/2020,0.23879,,0.24563,0.24441,0.23701
9/9/2020,0.2456,,0.23468,0.24695,0.23888
9/8/2020,0.23373,,0.2408,0.23735,0.23312
9/7/2020,0.24107,,0.23875,0.24355,0.2405
9/6/2020,0.23849,,0.23392,0.24285,0.23724
9/5/2020,0.23478,,0.25302,0.23867,0.23342
9/4/2020,0.25361,,0.2491,0.25941,0.2523
9/3/2020,0.24939,,0.27159,0.25117,0.24113
9/2/2020,0.27115,,0.29834,0.27647,0.27096
9/1/2020,0.2984,,0.28328,0.30373,0.29504
8/31/2020,0.28336,,0.28375,0.28344,0.27632
8/30/2020,0.28379,,0.2774,0.2845,0.28293
8/29/2020,0.27747,,0.26999,0.27844,0.27381
8/28/2020,0.26974,,0.26656,0.2729,0.26872
8/27/2020,0.26569,,0.2753,0.26752,0.26005
8/26/2020,0.27618,,0.27726,0.27826,0.2748
8/25/2020,0.27628,,0.28633,0.27827,0.27435
8/24/2020,0.28643,,0.28569,0.28957,0.28538
8/23/2020,0.28554,,0.28226,0.28591,0.28236
8/22/2020,0.28205,,0.27877,0.28794,0.28171
8/21/2020,0.27808,,0.29478,0.27942,0.27353
8/20/2020,0.29266,,0.28708,0.29309,0.28688
8/19/2020,0.28828,,0.29331,0.29261,0.28694
8/18/2020,0.29383,,0.31742,0.30587,0.29318
8/17/2020,0.31793,,0.30171,0.32152,0.31468
8/16/2020,0.30236,,0.29939,0.3056,0.29746
8/15/2020,0.30044,,0.30027,0.30467,0.29591
8/14/2020,0.29991,,0.29331,0.30522,0.29927
8/13/2020,0.29391,,0.28347,0.30068,0.29097
8/12/2020,0.28294,,0.28014,0.28586,0.28146
8/11/2020,0.27955,,0.3026,0.28316,0.27529
8/10/2020,0.3024,,0.2946,0.30713,0.29445
8/9/2020,0.29471,,0.29546,0.29523,0.28795
8/8/2020,0.29545,,0.29249,0.29828,0.2943
8/7/2020,0.29295,,0.30423,0.29653,0.29155
8/6/2020,0.30477,,0.29933,0.30673,0.30203
8/5/2020,0.29899,,0.29596,0.30356,0.29792
8/4/2020,0.29556,,0.31018,0.30228,0.29175
8/3/2020,0.3083,,0.29314,0.31873,0.30812
8/2/2020,0.29365,,0.32408,0.29948,0.28482
8/1/2020,0.32424,,0.2609,0.32431,0.28975
7/31/2020,0.26105,,0.24203,0.26148,0.25576
7/30/2020,0.24201,,0.24027,0.24646,0.24188
7/29/2020,0.24018,,0.24383,0.24329,0.23742
7/28/2020,0.24195,,0.22215,0.24317,0.22955
7/27/2020,0.22203,,0.21712,0.22664,0.22084
7/26/2020,0.21741,,0.22009,0.2201,0.21517
7/25/2020,0.2202,,0.20705,0.22116,0.21295
7/24/2020,0.20725,,0.20719,0.20817,0.20367
7/23/2020,0.20721,,0.20305,0.2085,0.206
7/22/2020,0.20313,,0.19842,0.20527,0.20245
7/21/2020,0.19839,,0.19651,0.1995,0.1982
7/20/2020,0.19626,,0.19914,0.19639,0.19399
7/19/2020,0.19892,,0.19795,0.20008,0.19843
7/18/2020,0.19811,,0.1948,0.20198,0.19708
7/17/2020,0.19459,,0.193,0.19527,0.19403
7/16/2020,0.19262,,0.19676,0.19475,0.19249
7/15/2020,0.19668,,0.19841,0.19752,0.1961
7/14/2020,0.19866,,0.19739,0.19974,0.1986
7/13/2020,0.19795,,0.19939,0.19871,0.19683
7/12/2020,0.1994,,0.20174,0.20161,0.19903
7/11/2020,0.20197,,0.20221,0.20312,0.20113
7/10/2020,0.20189,,0.20008,0.2046,0.19874
7/9/2020,0.19952,,0.20013,0.20264,0.19912
7/8/2020,0.20012,,0.19983,0.20544,0.1981
7/7/2020,0.19898,,0.18759,0.1998,0.18402
7/6/2020,0.18769,,0.17699,0.18957,0.18719
7/5/2020,0.17681,,0.17679,0.17751,0.17645
7/4/2020,0.17671,,0.17768,0.17876,0.17646
7/3/2020,0.17774,,0.17526,0.17869,0.17604
7/2/2020,0.17597,,0.17566,0.17712,0.17539
7/1/2020,0.17703,,0.17576,0.1771,0.17608
6/30/2020,0.17529,,0.17686,0.17599,0.17393
6/29/2020,0.1769,,0.17683,0.17756,0.17667
6/28/2020,0.17681,,0.17449,0.1778,0.1764
6/27/2020,0.17432,,0.18288,0.17514,0.17349
6/26/2020,0.1829,,0.18265,0.18332,0.18187
6/25/2020,0.18292,,0.18048,0.18321,0.181
6/24/2020,0.18014,,0.18938,0.18406,0.17897
6/23/2020,0.18942,,0.18915,0.18967,0.18882
6/22/2020,0.18923,,0.1879,0.19042,0.18851
6/21/2020,0.18768,,0.18773,0.18814,0.18584
6/20/2020,0.18758,,0.18843,0.1884,0.18749
6/19/2020,0.18851,,0.18805,0.18894,0.18678
6/18/2020,0.18755,,0.19194,0.19002,0.18715
6/17/2020,0.19199,,0.19157,0.1932,0.19139
6/16/2020,0.19159,,0.19369,0.19245,0.19109
6/15/2020,0.19363,,0.1863,0.19389,0.19091
6/14/2020,0.1921,,0.19145,0.19248,0.1906
6/13/2020,0.19175,,0.19197,0.19248,0.19163
6/12/2020,0.19235,,0.19086,0.19326,0.19178
6/11/2020,0.19101,,0.20261,0.1919,0.1871
6/10/2020,0.20251,,0.2014,0.20343,0.20228
6/9/2020,0.20143,,0.20316,0.20215,0.20108
6/8/2020,0.20327,,0.20292,0.20499,0.20075
6/7/2020,0.20277,,0.2045,0.20355,0.20234
6/6/2020,0.20464,,0.20317,0.20495,0.20332
6/5/2020,0.20274,,0.20393,0.20323,0.20144
6/4/2020,0.20298,,0.20296,0.20713,0.20121
6/3/2020,0.20692,,0.20197,0.20695,0.20353
6/2/2020,0.20207,,0.21023,0.20356,0.20125
6/1/2020,0.21022,,0.20524,0.21196,0.20941
5/31/2020,0.20586,,0.20022,0.2076,0.20257
5/30/2020,0.20326,,0.19773,0.2076,0.20257
5/29/2020,0.1975,,0.20017,0.19774,0.19611
5/28/2020,0.20061,,0.19686,0.2028,0.19986
5/27/2020,0.19688,,0.19438,0.19838,0.1967
5/26/2020,0.19461,,0.1955,0.19509,0.19367
5/25/2020,0.19573,,0.194,0.19691,0.19446
5/24/2020,0.19394,,0.19985,0.19452,0.19047
5/23/2020,0.2,,0.20131,0.20045,0.19846
5/22/2020,0.20106,,0.1928,0.20212,0.20031
5/21/2020,0.19304,,0.20122,0.1954,0.19292
5/20/2020,0.20123,,0.20474,0.20309,0.20111
5/19/2020,0.20408,,0.20169,0.20549,0.20399
5/18/2020,0.20135,,0.2064,0.2054,0.20119
5/17/2020,0.20651,,0.20059,0.20732,0.20131
5/16/2020,0.20086,,0.19889,0.20111,0.19888
5/15/2020,0.19967,,0.20092,0.2008,0.19678
5/14/2020,0.20062,,0.202,0.20455,0.19764
5/13/2020,0.2018,,0.1984,0.20265,0.20074
5/12/2020,0.19865,,0.19476,0.19948,0.19666
5/11/2020,0.19465,,0.19735,0.19529,0.19132
5/10/2020,0.19583,,0.2207,0.21649,0.18239
5/9/2020,0.19501,,0.2204,0.21649,0.18239
5/8/2020,0.2203,,0.21894,0.22117,0.21727
5/7/2020,0.21893,,0.21501,0.22182,0.2174
5/6/2020,0.21514,,0.21758,0.21718,0.21003
5/5/2020,0.21829,,0.21842,0.21886,0.21512
5/4/2020,0.2186,,0.21313,0.21971,0.21723
5/3/2020,0.21382,,0.22599,0.22042,0.21037
5/2/2020,0.22615,,0.21801,0.22647,0.22339
5/1/2020,0.21806,,0.21318,0.21833,0.21621
4/30/2020,0.213,,0.2355,0.21411,0.21128
4/29/2020,0.23455,,0.21541,0.23455,0.22542
4/28/2020,0.21585,,0.19649,0.21823,0.21386
4/27/2020,0.19665,,0.19815,0.19751,0.19469
4/26/2020,0.19831,,0.19495,0.19939,0.19619
4/25/2020,0.19492,,0.19359,0.19535,0.1939
4/24/2020,0.19352,,0.19523,0.19367,0.19183
4/23/2020,0.19524,,0.18818,0.19627,0.19241
4/22/2020,0.18892,,0.18363,0.19071,0.18726
4/21/2020,0.18368,,0.1826,0.18464,0.1821
4/20/2020,0.1827,,0.19301,0.18511,0.1814
4/19/2020,0.19326,,0.19508,0.19414,0.18846
4/18/2020,0.19566,,0.19068,0.19612,0.19344
4/17/2020,0.19049,,0.18958,0.19151,0.18866
4/16/2020,0.1896,,0.1784,0.19144,0.18846
4/15/2020,0.17833,,0.18769,0.18058,0.17432
4/14/2020,0.18762,,0.18772,0.18764,0.18462
4/13/2020,0.18759,,0.18205,0.18849,0.1865
4/12/2020,0.1823,,0.18703,0.18941,0.18089
4/11/2020,0.18727,,0.19063,0.18954,0.18706
4/10/2020,0.19066,,0.19555,0.19107,0.18743
4/9/2020,0.19581,,0.19877,0.19873,0.19581
4/8/2020,0.19883,,0.19888,0.20229,0.19839
4/7/2020,0.19965,,0.19856,0.20039,0.19163
4/6/2020,0.19783,,0.18104,0.20459,0.19553
4/5/2020,0.1807,,0.1805,0.1812,0.17931
4/4/2020,0.18062,,0.17904,0.18201,0.18048
4/3/2020,0.17881,,0.17868,0.17993,0.17785
4/2/2020,0.17871,,0.17521,0.17988,0.17784
4/1/2020,0.17486,,0.17401,0.17648,0.1742
3/31/2020,0.17383,,0.17214,0.1743,0.17181
3/30/2020,0.17243,,0.16662,0.17338,0.17105
3/29/2020,0.1666,,0.17448,0.16775,0.16256
3/28/2020,0.17472,,0.16825,0.17651,0.17061
3/27/2020,0.16839,,0.17674,0.17403,0.1667
3/26/2020,0.17584,,0.16181,0.17927,0.17347
3/25/2020,0.1616,,0.16036,0.16296,0.16035
3/24/2020,0.16055,,0.15826,0.16356,0.15998
3/23/2020,0.15859,,0.15145,0.16134,0.15822
3/22/2020,0.1518,,0.15925,0.15233,0.14544
3/21/2020,0.16092,,0.15888,0.161,0.15656
3/20/2020,0.15831,,0.16169,0.16098,0.15449
3/19/2020,0.15901,,0.14526,0.1666,0.15779
3/18/2020,0.14595,,0.14765,0.14856,0.14445
3/17/2020,0.14856,,0.14672,0.14863,0.14627
3/16/2020,0.14673,,0.15282,0.15061,0.13994
3/15/2020,0.15046,,0.14621,0.15314,0.14912
3/14/2020,0.14609,,0.15792,0.14729,0.14479
3/13/2020,0.15815,,0.12898,0.15974,0.15397
3/12/2020,0.13956,,0.20024,0.15093,0.1057
3/11/2020,0.19859,,0.21145,0.20973,0.19857
3/10/2020,0.21256,,0.20733,0.2137,0.21116
3/9/2020,0.20849,,0.20728,0.21002,0.207
3/8/2020,0.20688,,0.23027,0.21048,0.20323
3/7/2020,0.23228,,0.24392,0.23622,0.23021
3/6/2020,0.24303,,0.23972,0.24489,0.24265
3/5/2020,0.23931,,0.23557,0.24138,0.23825
3/4/2020,0.23311,,0.23489,0.23816,0.23215
3/3/2020,0.23593,,0.23866,0.23625,0.23281
3/2/2020,0.23706,,0.22854,0.2396,0.2355
3/1/2020,0.22967,,0.23339,0.22986,0.22605
2/29/2020,0.23299,,0.24021,0.23564,0.229
2/28/2020,0.24023,,0.23975,0.2403,0.23594
2/27/2020,0.24066,,0.23037,0.24375,0.23812
2/26/2020,0.22987,,0.24177,0.2306,0.22391
2/25/2020,0.24301,,0.2678,0.25495,0.23564
2/24/2020,0.26791,,0.27384,0.27056,0.26712
2/23/2020,0.27338,,0.27908,0.28411,0.27241
2/22/2020,0.27875,,0.27223,0.28081,0.27484
2/21/2020,0.27191,,0.27526,0.27551,0.2716
2/20/2020,0.27488,,0.27823,0.27799,0.2688
2/19/2020,0.27725,,0.29545,0.28145,0.27348
2/18/2020,0.29545,,0.2941,0.29851,0.29288
2/17/2020,0.2759,,0.30434,0.29478,0.27037
2/16/2020,0.27677,,0.31668,0.29478,0.27315
2/15/2020,0.31666,,0.33634,0.31879,0.29991
2/14/2020,0.33698,,0.32287,0.34553,0.3325
2/13/2020,0.32275,,0.32454,0.3324,0.32079
2/12/2020,0.32477,,0.28716,0.33307,0.30374
2/11/2020,0.28744,,0.26856,0.2882,0.28106
2/10/2020,0.26846,,0.27872,0.27362,0.26764
2/9/2020,0.27907,,0.28034,0.28316,0.27733
2/8/2020,0.28019,,0.27385,0.28143,0.27697
2/7/2020,0.27395,,0.28279,0.27985,0.26479
2/6/2020,0.28244,,0.28287,0.28804,0.2811
2/5/2020,0.28304,,0.27964,0.28567,0.27303
2/4/2020,0.27933,,0.25074,0.28038,0.26719
2/3/2020,0.25082,,0.25193,0.25796,0.25026
2/2/2020,0.25219,,0.23905,0.25908,0.2497
2/1/2020,0.23934,,0.24095,0.24132,0.23619
1/31/2020,0.24174,,0.24141,0.24294,0.23894
1/30/2020,0.24111,,0.23474,0.2444,0.24023
1/29/2020,0.23491,,0.23914,0.23549,0.23123
1/28/2020,0.2388,,0.2332,0.23981,0.23773
1/27/2020,0.2335,,0.22849,0.23576,0.23085
1/26/2020,0.22852,,0.22079,0.23329,0.2283
1/25/2020,0.22078,,0.21818,0.22238,0.21823
1/24/2020,0.21806,,0.22054,0.22259,0.21688
1/23/2020,0.2203,,0.23123,0.22618,0.21802
1/22/2020,0.23126,,0.23711,0.23726,0.23094
1/21/2020,0.23693,,0.23869,0.23863,0.23458
1/20/2020,0.23932,,0.23186,0.24175,0.23164
1/19/2020,0.23224,,0.24965,0.23637,0.2307
1/18/2020,0.24835,,0.23496,0.24839,0.24138
1/17/2020,0.23504,,0.23356,0.24193,0.23376
1/16/2020,0.23274,,0.22612,0.23488,0.22672
1/15/2020,0.226,,0.22812,0.23497,0.22272
1/14/2020,0.23063,,0.21826,0.24313,0.22879
1/13/2020,0.21855,,0.21232,0.21893,0.21133
1/12/2020,0.21251,,0.21368,0.21551,0.21133
1/11/2020,0.21375,,0.21138,0.215,0.20971
1/10/2020,0.21152,,0.202,0.21469,0.21063
1/9/2020,0.20157,,0.20686,0.20474,0.2005
1/8/2020,0.20676,,0.21326,0.20871,0.20603
1/7/2020,0.21314,,0.21445,0.21761,0.2119
1/6/2020,0.2144,,0.19696,0.22505,0.2143
1/5/2020,0.19699,,0.19512,0.19742,0.19428
1/4/2020,0.19506,,0.19246,0.1954,0.19289
1/3/2020,0.19239,,0.19043,0.19346,0.19196
1/2/2020,0.1903,,0.19126,0.19143,0.18464
1/1/2020,0.1911,,0.19362,0.1931,0.19087
12/31/2019,0.19373,,0.19307,0.19428,0.19223
12/30/2019,0.19315,,0.19584,0.19401,0.19255
12/29/2019,0.19562,,0.19177,0.19674,0.19498
12/28/2019,0.19168,,0.19157,0.19345,0.19107
12/27/2019,0.18882,,0.192,0.18994,0.18539
12/26/2019,0.18928,,0.18781,0.18994,0.18897
12/25/2019,0.18785,,0.19005,0.18921,0.18761
12/24/2019,0.18999,,0.19141,0.19127,0.18852
12/23/2019,0.19143,,0.19655,0.19214,0.18886
12/22/2019,0.19669,,0.19176,0.1982,0.19624
12/21/2019,0.19188,,0.19328,0.19255,0.19046
12/20/2019,0.19345,,0.1859,0.19595,0.19198
12/19/2019,0.18597,,0.18984,0.18799,0.18516
12/18/2019,0.18971,,0.18576,0.19692,0.18868
12/17/2019,0.1855,,0.19606,0.18833,0.18187
12/16/2019,0.19719,,0.21363,0.2057,0.19171
12/15/2019,0.21355,,0.21643,0.21763,0.2124
12/14/2019,0.21645,,0.22027,0.21654,0.21505
12/13/2019,0.22036,,0.21931,0.22071,0.21991
12/12/2019,0.21966,,0.21832,0.21997,0.21838
12/11/2019,0.21818,,0.22112,0.22254,0.21734
12/10/2019,0.2212,,0.22332,0.22357,0.2205
12/9/2019,0.22349,,0.22856,0.22525,0.22247
12/8/2019,0.22901,,0.22469,0.23015,0.22754
12/7/2019,0.22462,,0.22651,0.22787,0.22386
12/6/2019,0.22675,,0.22139,0.22793,0.22497
12/5/2019,0.22093,,0.21345,0.22397,0.22019
12/4/2019,0.21352,,0.21274,0.21612,0.21212
12/3/2019,0.21317,,0.22008,0.21953,0.21214
12/2/2019,0.2197,,0.2231,0.22169,0.2186
12/1/2019,0.22323,,0.21945,0.22611,0.22226
11/30/2019,0.22045,,0.22984,0.22556,0.21876
11/29/2019,0.22899,,0.22542,0.23186,0.2288
11/28/2019,0.22492,,0.22645,0.22579,0.2227
11/27/2019,0.22706,,0.21973,0.22914,0.2237
11/26/2019,0.21987,,0.22052,0.22359,0.2182
11/25/2019,0.21817,,0.21165,0.21937,0.21379
11/24/2019,0.21178,,0.23006,0.22153,0.20268
11/23/2019,0.22913,,0.23027,0.23455,0.22913
11/22/2019,0.23062,,0.24357,0.23075,0.22655
11/21/2019,0.24239,,0.25144,0.24569,0.24218
11/20/2019,0.25132,,0.25637,0.25347,0.24897
11/19/2019,0.25096,,0.25431,0.25313,0.24355
11/18/2019,0.25185,,0.26101,0.25313,0.25086
11/17/2019,0.26075,,0.26259,0.2631,0.26052
11/16/2019,0.26261,,0.26119,0.26309,0.26157
11/15/2019,0.26083,,0.26422,0.2618,0.25937
11/14/2019,0.26457,,0.27186,0.27217,0.26398
11/13/2019,0.27149,,0.27135,0.27269,0.27148
11/12/2019,0.27108,,0.27483,0.27248,0.2703
11/11/2019,0.27433,,0.27973,0.27623,0.27377
11/10/2019,0.27985,,0.27756,0.28105,0.27914
11/9/2019,0.27714,,0.2772,0.27989,0.27684
11/8/2019,0.27838,,0.29003,0.27865,0.27471
11/7/2019,0.29077,,0.30366,0.29084,0.28798
11/6/2019,0.30068,,0.29848,0.31422,0.29745
11/5/2019,0.29883,,0.30057,0.30081,0.29708
11/4/2019,0.30044,,0.29031,0.30416,0.29793
11/3/2019,0.29142,,0.29537,0.2916,0.28928
11/2/2019,0.29456,,0.29329,0.29586,0.2944
11/1/2019,0.29274,,0.29269,0.29448,0.29133
10/31/2019,0.29295,,0.29535,0.29448,0.29242
10/30/2019,0.29391,,0.3044,0.29838,0.29211
10/29/2019,0.30325,,0.29689,0.30527,0.30077
10/28/2019,0.29654,,0.30404,0.29655,0.29441
10/27/2019,0.30058,,0.29106,0.30443,0.29726
10/26/2019,0.28998,,0.30798,0.29563,0.28991
10/25/2019,0.30623,,0.27632,0.312,0.29739
10/24/2019,0.2767,,0.26961,0.27718,0.27471
10/23/2019,0.26987,,0.2909,0.2733,0.26872
10/22/2019,0.28994,,0.29238,0.29119,0.28817
10/21/2019,0.29235,,0.2908,0.29249,0.29071
10/20/2019,0.29141,,0.28469,0.29407,0.29041
10/19/2019,0.28585,,0.29034,0.29172,0.28208
10/18/2019,0.29015,,0.29947,0.29474,0.28985
10/17/2019,0.29939,,0.28146,0.30187,0.29812
10/16/2019,0.28165,,0.29043,0.28453,0.28101
10/15/2019,0.2894,,0.29556,0.29202,0.28818
10/14/2019,0.297,,0.28268,0.29878,0.29428
10/13/2019,0.28475,,0.27438,0.28551,0.2765
10/12/2019,0.27466,,0.27114,0.27585,0.27164
10/11/2019,0.27123,,0.27017,0.27307,0.26728
10/10/2019,0.26954,,0.27692,0.27148,0.26772
10/9/2019,0.27656,,0.27545,0.2817,0.27598
10/8/2019,0.27579,,0.28274,0.27967,0.27471
10/7/2019,0.282,,0.25545,0.28277,0.2748
10/6/2019,0.25166,,0.25376,0.25512,0.25104
10/5/2019,0.25234,,0.25171,0.25337,0.25104
10/4/2019,0.25131,,0.24623,0.25252,0.25097
10/3/2019,0.24865,,0.25168,0.24941,0.24493
10/2/2019,0.25179,,0.24754,0.25292,0.25019
10/1/2019,0.24774,,0.2579,0.24893,0.24724
9/30/2019,0.25759,,0.23966,0.25759,0.25271
9/29/2019,0.23925,,0.24112,0.24043,0.23769
9/28/2019,0.24115,,0.24196,0.24225,0.24053
9/27/2019,0.24183,,0.23861,0.24429,0.24109
9/26/2019,0.23734,,0.24354,0.24343,0.23734
9/25/2019,0.24214,,0.24224,0.24597,0.24183
9/24/2019,0.24044,,0.26763,0.24354,0.23323
9/23/2019,0.26829,,0.27433,0.26922,0.26444
9/22/2019,0.27515,,0.28116,0.27706,0.27442
9/21/2019,0.28071,,0.29497,0.28983,0.27921
9/20/2019,0.29629,,0.29278,0.29728,0.29245
9/19/2019,0.29419,,0.30155,0.30151,0.28934
9/18/2019,0.30316,,0.30909,0.31348,0.298
9/17/2019,0.30384,,0.26101,0.30625,0.28523
9/16/2019,0.26004,,0.26219,0.26143,0.25975
9/15/2019,0.26232,,0.26215,0.26299,0.26024
9/14/2019,0.26182,,0.25459,0.26276,0.26131
9/13/2019,0.25472,,0.25335,0.25548,0.25427
9/12/2019,0.25387,,0.25451,0.25463,0.25328
9/11/2019,0.25433,,0.25687,0.25559,0.25429
9/10/2019,0.25764,,0.26012,0.2604,0.25669
9/9/2019,0.26131,,0.25938,0.26396,0.25664
9/8/2019,0.26075,,0.26055,0.26262,0.26044
9/7/2019,0.26045,,0.25117,0.26104,0.25989
9/6/2019,0.25139,,0.25496,0.25147,0.2503
9/5/2019,0.25521,,0.25816,0.25658,0.2552
9/4/2019,0.258,,0.26096,0.25852,0.25754
8/16/2019,0.26222,,0.26175,0.26501,0.25534
8/15/2019,0.26387,,0.26455,0.26501,0.26303
8/14/2019,0.2643,,0.29558,0.26724,0.2632
8/13/2019,0.2961,,0.30039,0.29853,0.29514
8/11/2019,0.30579,,0.30004,0.30591,0.29551
8/10/2019,0.30036,,0.30142,0.3026,0.29915
8/6/2019,0.31763,,0.32672,0.32398,0.31544
8/5/2019,0.31863,,0.32026,0.32229,0.3175
8/4/2019,0.32016,,0.31663,0.32067,0.31828
8/3/2019,0.3166,,0.31307,0.31682,0.31544
8/2/2019,0.31561,,0.31447,0.31567,0.31104
8/1/2019,0.31462,,0.31698,0.31594,0.31363
7/31/2019,0.31601,,0.31992,0.31967,0.31568
7/30/2019,0.31848,,0.30784,0.32044,0.31792
7/29/2019,0.30882,,0.3126,0.31089,0.30882
7/28/2019,0.31169,,0.31001,0.31422,0.31038
7/27/2019,0.30976,,0.32535,0.30994,0.30859
7/26/2019,0.32375,,0.3099,0.32587,0.32219
7/25/2019,0.30915,,0.31992,0.31341,0.3088
7/24/2019,0.31961,,0.30667,0.3219,0.31487
7/23/2019,0.30521,,0.31727,0.30891,0.30412
7/22/2019,0.31797,,0.32842,0.32125,0.317
7/21/2019,0.32858,,0.33442,0.33213,0.32752
7/20/2019,0.33033,,0.32087,0.33469,0.3302
7/19/2019,0.3217,,0.31885,0.32306,0.31854
7/18/2019,0.32009,,0.31316,0.32197,0.31855
7/17/2019,0.31204,,0.29758,0.3134,0.30718
7/16/2019,0.2944,,0.31749,0.29852,0.2933
7/15/2019,0.31428,,0.30401,0.3194,0.31285
7/14/2019,0.30186,,0.33282,0.30437,0.29498
7/13/2019,0.33261,,0.34041,0.33506,0.33032
7/12/2019,0.3403,,0.33069,0.34423,0.33816
7/11/2019,0.32988,,0.35949,0.33112,0.32621
7/10/2019,0.35909,,0.3956,0.36235,0.35493
7/9/2019,0.3952,,0.40299,0.39611,0.39228
7/8/2019,0.4052,,0.39433,0.40631,0.40059
7/7/2019,0.39397,,0.38887,0.39682,0.39314
7/6/2019,0.38875,,0.38295,0.39075,0.38725
7/5/2019,0.38301,,0.38554,0.38398,0.37877
7/4/2019,0.38653,,0.40188,0.3888,0.38608
7/3/2019,0.40196,,0.40343,0.40452,0.40148
7/2/2019,0.40385,,0.40069,0.40511,0.39815
7/1/2019,0.4017,,0.41359,0.41065,0.39927
6/30/2019,0.41631,,0.42505,0.4212,0.39376
6/29/2019,0.42491,,0.41512,0.42827,0.42346
6/28/2019,0.41013,,0.40824,0.42625,0.40903
6/27/2019,0.4104,,0.46078,0.41723,0.40736
6/26/2019,0.45999,,0.47115,0.47071,0.45811
6/25/2019,0.46865,,0.47439,0.47482,0.4614
6/24/2019,0.47273,,0.4584,0.47639,0.47105
6/23/2019,0.45893,,0.48466,0.47018,0.451
6/22/2019,0.48377,,0.44805,0.49215,0.47688
6/21/2019,0.44812,,0.43712,0.4494,0.44022
6/20/2019,0.43688,,0.43299,0.44178,0.42973
6/19/2019,0.43306,,0.42913,0.43421,0.43204
6/18/2019,0.42755,,0.44434,0.42956,0.42432
6/17/2019,0.44835,,0.42814,0.45471,0.4446
6/16/2019,0.42816,,0.41189,0.43139,0.42721
6/15/2019,0.41029,,0.4057,0.4104,0.40683
6/14/2019,0.40725,,0.39405,0.40837,0.40039
6/13/2019,0.39406,,0.40492,0.39973,0.39329
6/12/2019,0.40437,,0.38772,0.40797,0.39857
6/11/2019,0.38816,,0.39479,0.39207,0.38752
6/10/2019,0.3949,,0.38384,0.40176,0.39397
6/9/2019,0.38512,,0.40425,0.38581,0.38064
6/8/2019,0.4047,,0.42148,0.40844,0.40379
6/7/2019,0.41843,,0.41558,0.42205,0.41817
6/6/2019,0.41594,,0.40239,0.42033,0.41434
6/5/2019,0.40264,,0.39845,0.40356,0.39933
6/4/2019,0.39846,,0.4153,0.4028,0.39707
6/3/2019,0.4146,,0.44176,0.41877,0.40051
6/2/2019,0.44201,,0.43148,0.4441,0.43935
6/1/2019,0.43245,,0.43836,0.43449,0.42786
5/31/2019,0.43815,,0.42169,0.44121,0.43276
5/30/2019,0.42117,,0.44222,0.42637,0.41732
5/29/2019,0.43981,,0.44134,0.45116,0.43597
5/28/2019,0.43757,,0.43217,0.44861,0.43539
5/27/2019,0.43309,,0.40945,0.43918,0.42618
5/26/2019,0.40557,,0.38352,0.41541,0.40447
5/25/2019,0.38499,,0.38604,0.39103,0.38339
5/24/2019,0.38531,,0.37724,0.3866,0.38124
5/23/2019,0.37688,,0.37476,0.38167,0.37664
5/22/2019,0.37208,,0.3973,0.37557,0.37146
5/21/2019,0.39834,,0.39264,0.40906,0.39523
5/20/2019,0.39167,,0.39691,0.40426,0.39016
5/19/2019,0.3983,,0.38259,0.41542,0.39403
5/18/2019,0.3838,,0.38084,0.3884,0.3708
5/17/2019,0.38045,,0.40591,0.39294,0.37653
5/16/2019,0.40243,,0.47518,0.42271,0.40176
5/15/2019,0.46817,,0.43536,0.47574,0.45364
5/14/2019,0.43054,,0.36539,0.4486,0.40908
5/13/2019,0.3688,,0.31874,0.37287,0.32271
5/12/2019,0.31837,,0.31405,0.32307,0.30893
5/11/2019,0.32085,,0.29939,0.32541,0.29929
5/10/2019,0.30059,,0.29458,0.30089,0.29929
5/9/2019,0.29551,,0.30151,0.29612,0.29408
5/8/2019,0.30139,,0.29959,0.30188,0.29976
5/7/2019,0.29967,,0.30517,0.30097,0.29688
5/6/2019,0.30529,,0.29936,0.30666,0.30294
5/5/2019,0.29903,,0.30149,0.30244,0.29903
5/4/2019,0.30379,,0.30361,0.30994,0.30175
5/3/2019,0.3127,,0.30361,0.3127,0.30175
3/18/2019,0.31415,,0.31655,0.31948,0.31241
3/17/2019,0.31613,,0.32014,0.31902,0.31445
3/16/2019,0.31856,,0.31537,0.32277,0.31494
3/15/2019,0.31535,,0.31217,0.31665,0.31117
3/14/2019,0.31188,,0.31649,0.3168,0.30686
3/13/2019,0.31652,,0.3112,0.3252,0.30781
3/12/2019,0.31039,,0.31039,0.31157,0.30641
3/11/2019,0.3102,,0.31286,0.31447,0.30799
3/10/2019,0.31295,,0.31388,0.31692,0.30933
3/9/2019,0.31388,,0.30802,0.31886,0.30746
3/8/2019,0.30802,,0.31324,0.31624,0.3052
